﻿<?xml version="1.0" encoding="utf-8"?>
<TextureAtlas imagePath="NOTE_assets.png">
	<!-- Created with Adobe Animate version 21.0.0.35450 -->
	<!-- http://www.adobe.com/products/animate.html -->
	<SubTexture name="arrowDOWN0000" x="0" y="0" width="160" height="169"/>
	<SubTexture name="arrowLEFT0000" x="160" y="0" width="170" height="160"/>
	<SubTexture name="arrowRIGHT0000" x="330" y="0" width="170" height="160"/>
	<SubTexture name="arrowUP0000" x="500" y="0" width="160" height="169"/>
	<SubTexture name="blue alone0000" x="660" y="0" width="160" height="169"/>
	<SubTexture name="blue tail0000" x="820" y="0" width="50" height="64"/>
	<SubTexture name="blue hold0000" x="870" y="0" width="50" height="45"/>
	<SubTexture name="down confirm0000" x="920" y="0" width="238" height="235"/>
	<SubTexture name="down confirm0001" x="1158" y="0" width="238" height="235"/>
	<SubTexture name="down confirm0002" x="1396" y="0" width="220" height="217" frameX="-6" frameY="-12" frameWidth="238" frameHeight="235"/>
	<SubTexture name="down confirm0003" x="1396" y="0" width="220" height="217" frameX="-6" frameY="-12" frameWidth="238" frameHeight="235"/>
	<SubTexture name="down press0000" x="1616" y="0" width="159" height="170" frameX="-4" frameY="-3" frameWidth="166" frameHeight="176"/>
	<SubTexture name="down press0001" x="1616" y="0" width="159" height="170" frameX="-4" frameY="-3" frameWidth="166" frameHeight="176"/>
	<SubTexture name="down press0002" x="1775" y="0" width="165" height="176" frameX="-1" frameY="0" frameWidth="166" frameHeight="176"/>
	<SubTexture name="down press0003" x="1775" y="0" width="165" height="176" frameX="-1" frameY="0" frameWidth="166" frameHeight="176"/>
	<SubTexture name="down press0004" x="0" y="235" width="166" height="176"/>
	<SubTexture name="down press0005" x="0" y="235" width="166" height="176"/>
	<SubTexture name="down press0006" x="0" y="235" width="166" height="176"/>
	<SubTexture name="down press0007" x="0" y="235" width="166" height="176"/>
	<SubTexture name="down press0008" x="0" y="235" width="166" height="176"/>
	<SubTexture name="down press0009" x="0" y="235" width="166" height="176"/>
	<SubTexture name="down press0010" x="0" y="235" width="166" height="176"/>
	<SubTexture name="down press0011" x="0" y="235" width="166" height="176"/>
	<SubTexture name="down press0012" x="0" y="235" width="166" height="176"/>
	<SubTexture name="down press0013" x="0" y="235" width="166" height="176"/>
	<SubTexture name="down press0014" x="0" y="235" width="166" height="176"/>
	<SubTexture name="down press0015" x="0" y="235" width="166" height="176"/>
	<SubTexture name="down press0016" x="0" y="235" width="166" height="176"/>
	<SubTexture name="down press0017" x="0" y="235" width="166" height="176"/>
	<SubTexture name="down press0018" x="0" y="235" width="166" height="176"/>
	<SubTexture name="down press0019" x="0" y="235" width="166" height="176"/>
	<SubTexture name="green alone0000" x="166" y="235" width="160" height="169"/>
	<SubTexture name="green tail0000" x="326" y="235" width="50" height="64"/>
	<SubTexture name="green hold0000" x="376" y="235" width="50" height="45"/>
	<SubTexture name="left confirm0000" x="426" y="235" width="228" height="231"/>
	<SubTexture name="left confirm0001" x="654" y="235" width="218" height="221" frameX="-5" frameY="-5" frameWidth="228" frameHeight="231"/>
	<SubTexture name="left confirm0002" x="872" y="235" width="225" height="228" frameX="-2" frameY="-1" frameWidth="228" frameHeight="231"/>
	<SubTexture name="left confirm0003" x="872" y="235" width="225" height="228" frameX="-2" frameY="-1" frameWidth="228" frameHeight="231"/>
	<SubTexture name="left press0000" x="1097" y="235" width="169" height="160" frameX="-2" frameY="-1" frameWidth="173" frameHeight="162"/>
	<SubTexture name="left press0001" x="1097" y="235" width="169" height="160" frameX="-2" frameY="-1" frameWidth="173" frameHeight="162"/>
	<SubTexture name="left press0002" x="1266" y="235" width="171" height="162" frameX="-1" frameY="0" frameWidth="173" frameHeight="162"/>
	<SubTexture name="left press0003" x="1266" y="235" width="171" height="162" frameX="-1" frameY="0" frameWidth="173" frameHeight="162"/>
	<SubTexture name="left press0004" x="1437" y="235" width="173" height="162"/>
	<SubTexture name="left press0005" x="1437" y="235" width="173" height="162"/>
	<SubTexture name="left press0006" x="1437" y="235" width="173" height="162"/>
	<SubTexture name="left press0007" x="1437" y="235" width="173" height="162"/>
	<SubTexture name="left press0008" x="1437" y="235" width="173" height="162"/>
	<SubTexture name="left press0009" x="1437" y="235" width="173" height="162"/>
	<SubTexture name="left press0010" x="1437" y="235" width="173" height="162"/>
	<SubTexture name="left press0011" x="1437" y="235" width="173" height="162"/>
	<SubTexture name="left press0012" x="1437" y="235" width="173" height="162"/>
	<SubTexture name="left press0013" x="1437" y="235" width="173" height="162"/>
	<SubTexture name="left press0014" x="1437" y="235" width="173" height="162"/>
	<SubTexture name="left press0015" x="1437" y="235" width="173" height="162"/>
	<SubTexture name="left press0016" x="1437" y="235" width="173" height="162"/>
	<SubTexture name="left press0017" x="1437" y="235" width="173" height="162"/>
	<SubTexture name="left press0018" x="1437" y="235" width="173" height="162"/>
	<SubTexture name="left press0019" x="1437" y="235" width="173" height="162"/>
	<SubTexture name="purple tail0000" x="1610" y="235" width="50" height="64"/>
	<SubTexture name="purple alone0000" x="1660" y="235" width="170" height="160"/>
	<SubTexture name="purple hold0000" x="1830" y="235" width="50" height="45"/>
	<SubTexture name="red alone0000" x="0" y="466" width="170" height="160"/>
	<SubTexture name="red tail0000" x="170" y="466" width="50" height="64"/>
	<SubTexture name="red hold0000" x="220" y="466" width="50" height="45"/>
	<SubTexture name="right confirm0000" x="270" y="466" width="223" height="226" frameX="-1" frameY="-3" frameWidth="226" frameHeight="230"/>
	<SubTexture name="right confirm0001" x="493" y="466" width="223" height="226" frameX="-1" frameY="-3" frameWidth="226" frameHeight="230"/>
	<SubTexture name="right confirm0002" x="716" y="466" width="226" height="230"/>
	<SubTexture name="right confirm0003" x="716" y="466" width="226" height="230"/>
	<SubTexture name="right press0000" x="942" y="466" width="169" height="160" frameX="-3" frameY="-3" frameWidth="175" frameHeight="166"/>
	<SubTexture name="right press0001" x="942" y="466" width="169" height="160" frameX="-3" frameY="-3" frameWidth="175" frameHeight="166"/>
	<SubTexture name="right press0002" x="1111" y="466" width="175" height="166"/>
	<SubTexture name="right press0003" x="1111" y="466" width="175" height="166"/>
	<SubTexture name="right press0004" x="1286" y="466" width="175" height="166"/>
	<SubTexture name="right press0005" x="1286" y="466" width="175" height="166"/>
	<SubTexture name="right press0006" x="1286" y="466" width="175" height="166"/>
	<SubTexture name="right press0007" x="1286" y="466" width="175" height="166"/>
	<SubTexture name="right press0008" x="1286" y="466" width="175" height="166"/>
	<SubTexture name="right press0009" x="1286" y="466" width="175" height="166"/>
	<SubTexture name="right press0010" x="1286" y="466" width="175" height="166"/>
	<SubTexture name="right press0011" x="1286" y="466" width="175" height="166"/>
	<SubTexture name="right press0012" x="1286" y="466" width="175" height="166"/>
	<SubTexture name="right press0013" x="1286" y="466" width="175" height="166"/>
	<SubTexture name="right press0014" x="1286" y="466" width="175" height="166"/>
	<SubTexture name="right press0015" x="1286" y="466" width="175" height="166"/>
	<SubTexture name="right press0016" x="1286" y="466" width="175" height="166"/>
	<SubTexture name="right press0017" x="1286" y="466" width="175" height="166"/>
	<SubTexture name="right press0018" x="1286" y="466" width="175" height="166"/>
	<SubTexture name="right press0019" x="1286" y="466" width="175" height="166"/>
	<SubTexture name="right press0020" x="1286" y="466" width="175" height="166"/>
	<SubTexture name="right press0021" x="1286" y="466" width="175" height="166"/>
	<SubTexture name="right press0022" x="1286" y="466" width="175" height="166"/>
	<SubTexture name="right press0023" x="1286" y="466" width="175" height="166"/>
	<SubTexture name="right press0024" x="1286" y="466" width="175" height="166"/>
	<SubTexture name="right press0025" x="1286" y="466" width="175" height="166"/>
	<SubTexture name="right press0026" x="1286" y="466" width="175" height="166"/>
	<SubTexture name="up confirm0000" x="1461" y="466" width="236" height="232"/>
	<SubTexture name="up confirm0001" x="1697" y="466" width="236" height="232"/>
	<SubTexture name="up confirm0002" x="0" y="698" width="214" height="211" frameX="-11" frameY="-10" frameWidth="236" frameHeight="232"/>
	<SubTexture name="up confirm0003" x="0" y="698" width="214" height="211" frameX="-11" frameY="-10" frameWidth="236" frameHeight="232"/>
	<SubTexture name="up press0000" x="214" y="698" width="160" height="169" frameX="-2" frameY="-3" frameWidth="164" frameHeight="175"/>
	<SubTexture name="up press0001" x="214" y="698" width="160" height="169" frameX="-2" frameY="-3" frameWidth="164" frameHeight="175"/>
	<SubTexture name="up press0002" x="374" y="698" width="164" height="173" frameX="0" frameY="-1" frameWidth="164" frameHeight="175"/>
	<SubTexture name="up press0003" x="374" y="698" width="164" height="173" frameX="0" frameY="-1" frameWidth="164" frameHeight="175"/>
	<SubTexture name="up press0004" x="538" y="698" width="164" height="175"/>
	<SubTexture name="up press0005" x="538" y="698" width="164" height="175"/>
</TextureAtlas>
