﻿<?xml version="1.0" encoding="utf-8"?>
<TextureAtlas imagePath="NOTE_haato.png">
	<!-- Created with Adobe Animate version 21.0.5.40714 -->
	<!-- http://www.adobe.com/products/animate.html -->
	<SubTexture name="blue0000" x="0" y="0" width="155" height="145"/>
	<SubTexture name="blue hold end0000" x="156" y="0" width="50" height="64"/>
	<SubTexture name="blue hold piece0000" x="207" y="0" width="50" height="44"/>
	<SubTexture name="green0000" x="258" y="0" width="146" height="153"/>
	<SubTexture name="green hold end0000" x="405" y="0" width="50" height="64"/>
	<SubTexture name="green hold piece0000" x="456" y="0" width="50" height="44"/>
	<SubTexture name="purple0000" x="0" y="154" width="154" height="149"/>
	<SubTexture name="pruple end hold0000" x="155" y="154" width="50" height="64"/>
	<SubTexture name="purple hold piece0000" x="206" y="154" width="50" height="44"/>
	<SubTexture name="red0000" x="257" y="154" width="152" height="149"/>
	<SubTexture name="red hold end0000" x="410" y="154" width="50" height="64"/>
	<SubTexture name="red hold piece0000" x="461" y="154" width="50" height="44"/>
</TextureAtlas>
