﻿<?xml version="1.0" encoding="utf-8"?>
<TextureAtlas imagePath="RUSHIA_assets.png">
	<!-- Created with Adobe Animate version 21.0.5.40714 -->
	<!-- http://www.adobe.com/products/animate.html -->
	<SubTexture name="blue0000" x="0" y="82" width="158" height="180"/>
	<SubTexture name="blue hold end0000" x="48" y="454" width="60" height="58"/>
	<SubTexture name="blue hold piece0000" x="54" y="0" width="62" height="82"/>
	<SubTexture name="green0000" x="158" y="82" width="158" height="180"/>
	<SubTexture name="green hold end0000" x="164" y="454" width="60" height="58"/>
	<SubTexture name="green hold piece0000" x="170" y="0" width="62" height="82"/>
	<SubTexture name="purple0000" x="316" y="82" width="180" height="158"/>
	<SubTexture name="pruple end hold0000" x="280" y="454" width="60" height="58"/>
	<SubTexture name="purple hold piece0000" x="286" y="0" width="62" height="82"/>
	<SubTexture name="red0000" x="0" y="262" width="180" height="158"/>
	<SubTexture name="red hold end0000" x="396" y="454" width="60" height="59"/>
	<SubTexture name="red hold piece0000" x="402" y="0" width="62" height="82"/>
</TextureAtlas>
