﻿<?xml version="1.0" encoding="utf-8"?>
<TextureAtlas imagePath="fireGoBrr.png">
	<!-- Created with Adobe Animate version 21.0.5.40714 -->
	<!-- http://www.adobe.com/products/animate.html -->
	<SubTexture name="Fire0000" x="0" y="0" width="359" height="671" frameX="-7" frameY="0" frameWidth="366" frameHeight="710"/>
	<SubTexture name="Fire0001" x="359" y="0" width="359" height="675" frameX="-7" frameY="0" frameWidth="366" frameHeight="710"/>
	<SubTexture name="Fire0002" x="718" y="0" width="359" height="675" frameX="-7" frameY="0" frameWidth="366" frameHeight="710"/>
	<SubTexture name="Fire0003" x="1077" y="0" width="359" height="671" frameX="-7" frameY="-4" frameWidth="366" frameHeight="710"/>
	<SubTexture name="Fire0004" x="1077" y="0" width="359" height="671" frameX="-7" frameY="-4" frameWidth="366" frameHeight="710"/>
	<SubTexture name="Fire0005" x="1077" y="0" width="359" height="671" frameX="-7" frameY="-4" frameWidth="366" frameHeight="710"/>
	<SubTexture name="Fire0006" x="1436" y="0" width="359" height="671" frameX="0" frameY="-12" frameWidth="366" frameHeight="710"/>
	<SubTexture name="Fire0007" x="0" y="0" width="359" height="671" frameX="0" frameY="-12" frameWidth="366" frameHeight="710"/>
	<SubTexture name="Fire0008" x="0" y="675" width="359" height="671" frameX="0" frameY="-12" frameWidth="366" frameHeight="710"/>
	<SubTexture name="FireIdle0000" x="359" y="675" width="359" height="671" frameX="0" frameY="-39" frameWidth="366" frameHeight="710"/>
</TextureAtlas>
