﻿<?xml version="1.0" encoding="utf-8"?>
<TextureAtlas imagePath="bf-new.png">
	<!-- Created with Adobe Animate version 20.5.0.29329 -->
	<!-- http://www.adobe.com/products/animate.html -->
	<SubTexture name="BF NOTE DOWN0000" x="0" y="0" width="398" height="387"/>
	<SubTexture name="BF NOTE DOWN0001" x="0" y="0" width="398" height="387"/>
	<SubTexture name="BF NOTE DOWN0002" x="398" y="0" width="398" height="387"/>
	<SubTexture name="BF NOTE DOWN0003" x="398" y="0" width="398" height="387"/>
	<SubTexture name="BF NOTE DOWN0004" x="398" y="0" width="398" height="387"/>
	<SubTexture name="BF NOTE DOWN0005" x="398" y="0" width="398" height="387"/>
	<SubTexture name="BF NOTE DOWN0006" x="398" y="0" width="398" height="387"/>
	<SubTexture name="BF NOTE DOWN0007" x="398" y="0" width="398" height="387"/>
	<SubTexture name="BF NOTE DOWN0008" x="398" y="0" width="398" height="387"/>
	<SubTexture name="BF NOTE DOWN0009" x="398" y="0" width="398" height="387"/>
	<SubTexture name="BF NOTE DOWN0010" x="398" y="0" width="398" height="387"/>
	<SubTexture name="BF NOTE DOWN0011" x="398" y="0" width="398" height="387"/>
	<SubTexture name="BF NOTE DOWN0012" x="398" y="0" width="398" height="387"/>
	<SubTexture name="BF NOTE DOWN0013" x="398" y="0" width="398" height="387"/>
	<SubTexture name="BF NOTE DOWN0014" x="398" y="0" width="398" height="387"/>
	<SubTexture name="BF NOTE DOWN0015" x="398" y="0" width="398" height="387"/>
	<SubTexture name="BF NOTE DOWN0016" x="398" y="0" width="398" height="387"/>
	<SubTexture name="BF NOTE DOWN0017" x="398" y="0" width="398" height="387"/>
	<SubTexture name="BF NOTE DOWN0018" x="398" y="0" width="398" height="387"/>
	<SubTexture name="BF NOTE DOWN0019" x="398" y="0" width="398" height="387"/>
	<SubTexture name="BF NOTE DOWN0020" x="398" y="0" width="398" height="387"/>
	<SubTexture name="BF NOTE DOWN0021" x="398" y="0" width="398" height="387"/>
	<SubTexture name="BF NOTE DOWN0022" x="398" y="0" width="398" height="387"/>
	<SubTexture name="BF NOTE DOWN0023" x="398" y="0" width="398" height="387"/>
	<SubTexture name="BF NOTE DOWN0024" x="398" y="0" width="398" height="387"/>
	<SubTexture name="BF NOTE DOWN0025" x="398" y="0" width="398" height="387"/>
	<SubTexture name="BF NOTE DOWN0026" x="398" y="0" width="398" height="387"/>
	<SubTexture name="BF NOTE DOWN0027" x="398" y="0" width="398" height="387"/>
	<SubTexture name="BF NOTE DOWN0028" x="398" y="0" width="398" height="387"/>
	<SubTexture name="BF NOTE DOWN0029" x="398" y="0" width="398" height="387"/>
	<SubTexture name="BF NOTE DOWN MISS0000" x="796" y="0" width="490" height="495"/>
	<SubTexture name="BF NOTE DOWN MISS0001" x="796" y="0" width="490" height="495"/>
	<SubTexture name="BF NOTE DOWN MISS0002" x="1286" y="0" width="490" height="495"/>
	<SubTexture name="BF NOTE DOWN MISS0003" x="1286" y="0" width="490" height="495"/>
	<SubTexture name="BF NOTE DOWN MISS0004" x="1286" y="0" width="490" height="495"/>
	<SubTexture name="BF NOTE DOWN MISS0005" x="1286" y="0" width="490" height="495"/>
	<SubTexture name="BF NOTE DOWN MISS0006" x="1286" y="0" width="490" height="495"/>
	<SubTexture name="BF NOTE DOWN MISS0007" x="1286" y="0" width="490" height="495"/>
	<SubTexture name="BF NOTE DOWN MISS0008" x="1286" y="0" width="490" height="495"/>
	<SubTexture name="BF NOTE DOWN MISS0009" x="1286" y="0" width="490" height="495"/>
	<SubTexture name="BF NOTE DOWN MISS0010" x="1286" y="0" width="490" height="495"/>
	<SubTexture name="BF NOTE DOWN MISS0011" x="1286" y="0" width="490" height="495"/>
	<SubTexture name="BF NOTE DOWN MISS0012" x="1286" y="0" width="490" height="495"/>
	<SubTexture name="BF NOTE DOWN MISS0013" x="1286" y="0" width="490" height="495"/>
	<SubTexture name="BF NOTE DOWN MISS0014" x="1286" y="0" width="490" height="495"/>
	<SubTexture name="BF NOTE DOWN MISS0015" x="1286" y="0" width="490" height="495"/>
	<SubTexture name="BF NOTE DOWN MISS0016" x="1286" y="0" width="490" height="495"/>
	<SubTexture name="BF NOTE DOWN MISS0017" x="1286" y="0" width="490" height="495"/>
	<SubTexture name="BF NOTE DOWN MISS0018" x="1286" y="0" width="490" height="495"/>
	<SubTexture name="BF NOTE DOWN MISS0019" x="1286" y="0" width="490" height="495"/>
	<SubTexture name="BF NOTE DOWN MISS0020" x="1286" y="0" width="490" height="495"/>
	<SubTexture name="BF NOTE DOWN MISS0021" x="1286" y="0" width="490" height="495"/>
	<SubTexture name="BF NOTE DOWN MISS0022" x="1286" y="0" width="490" height="495"/>
	<SubTexture name="BF NOTE DOWN MISS0023" x="1286" y="0" width="490" height="495"/>
	<SubTexture name="BF NOTE DOWN MISS0024" x="1286" y="0" width="490" height="495"/>
	<SubTexture name="BF NOTE DOWN MISS0025" x="1286" y="0" width="490" height="495"/>
	<SubTexture name="BF NOTE DOWN MISS0026" x="1286" y="0" width="490" height="495"/>
	<SubTexture name="BF NOTE DOWN MISS0027" x="1286" y="0" width="490" height="495"/>
	<SubTexture name="BF NOTE LEFT0000" x="1776" y="0" width="433" height="437"/>
	<SubTexture name="BF NOTE LEFT0001" x="1776" y="0" width="433" height="437"/>
	<SubTexture name="BF NOTE LEFT0002" x="2209" y="0" width="433" height="437"/>
	<SubTexture name="BF NOTE LEFT0003" x="2209" y="0" width="433" height="437"/>
	<SubTexture name="BF NOTE LEFT0004" x="2209" y="0" width="433" height="437"/>
	<SubTexture name="BF NOTE LEFT0005" x="2209" y="0" width="433" height="437"/>
	<SubTexture name="BF NOTE LEFT0006" x="2209" y="0" width="433" height="437"/>
	<SubTexture name="BF NOTE LEFT0007" x="2209" y="0" width="433" height="437"/>
	<SubTexture name="BF NOTE LEFT0008" x="2209" y="0" width="433" height="437"/>
	<SubTexture name="BF NOTE LEFT0009" x="2209" y="0" width="433" height="437"/>
	<SubTexture name="BF NOTE LEFT0010" x="2209" y="0" width="433" height="437"/>
	<SubTexture name="BF NOTE LEFT0011" x="2209" y="0" width="433" height="437"/>
	<SubTexture name="BF NOTE LEFT0012" x="2209" y="0" width="433" height="437"/>
	<SubTexture name="BF NOTE LEFT0013" x="2209" y="0" width="433" height="437"/>
	<SubTexture name="BF NOTE LEFT0014" x="2209" y="0" width="433" height="437"/>
	<SubTexture name="BF NOTE LEFT MISS0000" x="2642" y="0" width="500" height="492"/>
	<SubTexture name="BF NOTE LEFT MISS0001" x="2642" y="0" width="500" height="492"/>
	<SubTexture name="BF NOTE LEFT MISS0002" x="3142" y="0" width="500" height="492"/>
	<SubTexture name="BF NOTE LEFT MISS0003" x="3142" y="0" width="500" height="492"/>
	<SubTexture name="BF NOTE LEFT MISS0004" x="3142" y="0" width="500" height="492"/>
	<SubTexture name="BF NOTE LEFT MISS0005" x="3142" y="0" width="500" height="492"/>
	<SubTexture name="BF NOTE LEFT MISS0006" x="3142" y="0" width="500" height="492"/>
	<SubTexture name="BF NOTE LEFT MISS0007" x="3142" y="0" width="500" height="492"/>
	<SubTexture name="BF NOTE LEFT MISS0008" x="3142" y="0" width="500" height="492"/>
	<SubTexture name="BF NOTE LEFT MISS0009" x="3142" y="0" width="500" height="492"/>
	<SubTexture name="BF NOTE LEFT MISS0010" x="3142" y="0" width="500" height="492"/>
	<SubTexture name="BF NOTE LEFT MISS0011" x="3142" y="0" width="500" height="492"/>
	<SubTexture name="BF NOTE LEFT MISS0012" x="3142" y="0" width="500" height="492"/>
	<SubTexture name="BF NOTE LEFT MISS0013" x="3142" y="0" width="500" height="492"/>
	<SubTexture name="BF NOTE LEFT MISS0014" x="3142" y="0" width="500" height="492"/>
	<SubTexture name="BF NOTE LEFT MISS0015" x="3142" y="0" width="500" height="492"/>
	<SubTexture name="BF NOTE LEFT MISS0016" x="3142" y="0" width="500" height="492"/>
	<SubTexture name="BF NOTE LEFT MISS0017" x="3142" y="0" width="500" height="492"/>
	<SubTexture name="BF NOTE LEFT MISS0018" x="3142" y="0" width="500" height="492"/>
	<SubTexture name="BF NOTE LEFT MISS0019" x="3142" y="0" width="500" height="492"/>
	<SubTexture name="BF NOTE LEFT MISS0020" x="3142" y="0" width="500" height="492"/>
	<SubTexture name="BF NOTE LEFT MISS0021" x="3142" y="0" width="500" height="492"/>
	<SubTexture name="BF NOTE LEFT MISS0022" x="3142" y="0" width="500" height="492"/>
	<SubTexture name="BF NOTE LEFT MISS0023" x="3142" y="0" width="500" height="492"/>
	<SubTexture name="BF NOTE LEFT MISS0024" x="3142" y="0" width="500" height="492"/>
	<SubTexture name="BF NOTE LEFT MISS0025" x="3142" y="0" width="500" height="492"/>
	<SubTexture name="BF NOTE LEFT MISS0026" x="3142" y="0" width="500" height="492"/>
	<SubTexture name="BF NOTE LEFT MISS0027" x="3142" y="0" width="500" height="492"/>
	<SubTexture name="BF NOTE LEFT MISS0028" x="3142" y="0" width="500" height="492"/>
	<SubTexture name="BF NOTE LEFT MISS0029" x="3142" y="0" width="500" height="492"/>
	<SubTexture name="BF NOTE LEFT MISS0030" x="3142" y="0" width="500" height="492"/>
	<SubTexture name="BF NOTE LEFT MISS0031" x="3142" y="0" width="500" height="492"/>
	<SubTexture name="BF NOTE LEFT MISS0032" x="3142" y="0" width="500" height="492"/>
	<SubTexture name="BF NOTE RIGHT0000" x="3642" y="0" width="418" height="440"/>
	<SubTexture name="BF NOTE RIGHT0001" x="3642" y="0" width="418" height="440"/>
	<SubTexture name="BF NOTE RIGHT0002" x="0" y="495" width="418" height="440"/>
	<SubTexture name="BF NOTE RIGHT0003" x="0" y="495" width="418" height="440"/>
	<SubTexture name="BF NOTE RIGHT0004" x="0" y="495" width="418" height="440"/>
	<SubTexture name="BF NOTE RIGHT0005" x="0" y="495" width="418" height="440"/>
	<SubTexture name="BF NOTE RIGHT0006" x="0" y="495" width="418" height="440"/>
	<SubTexture name="BF NOTE RIGHT0007" x="0" y="495" width="418" height="440"/>
	<SubTexture name="BF NOTE RIGHT0008" x="0" y="495" width="418" height="440"/>
	<SubTexture name="BF NOTE RIGHT0009" x="0" y="495" width="418" height="440"/>
	<SubTexture name="BF NOTE RIGHT0010" x="0" y="495" width="418" height="440"/>
	<SubTexture name="BF NOTE RIGHT0011" x="0" y="495" width="418" height="440"/>
	<SubTexture name="BF NOTE RIGHT0012" x="0" y="495" width="418" height="440"/>
	<SubTexture name="BF NOTE RIGHT0013" x="0" y="495" width="418" height="440"/>
	<SubTexture name="BF NOTE RIGHT0014" x="0" y="495" width="418" height="440"/>
	<SubTexture name="BF NOTE RIGHT0015" x="0" y="495" width="418" height="440"/>
	<SubTexture name="BF NOTE RIGHT0016" x="0" y="495" width="418" height="440"/>
	<SubTexture name="BF NOTE RIGHT0017" x="0" y="495" width="418" height="440"/>
	<SubTexture name="BF NOTE RIGHT0018" x="0" y="495" width="418" height="440"/>
	<SubTexture name="BF NOTE RIGHT0019" x="0" y="495" width="418" height="440"/>
	<SubTexture name="BF NOTE RIGHT0020" x="0" y="495" width="418" height="440"/>
	<SubTexture name="BF NOTE RIGHT0021" x="0" y="495" width="418" height="440"/>
	<SubTexture name="BF NOTE RIGHT0022" x="0" y="495" width="418" height="440"/>
	<SubTexture name="BF NOTE RIGHT0023" x="0" y="495" width="418" height="440"/>
	<SubTexture name="BF NOTE RIGHT0024" x="0" y="495" width="418" height="440"/>
	<SubTexture name="BF NOTE RIGHT0025" x="0" y="495" width="418" height="440"/>
	<SubTexture name="BF NOTE RIGHT0026" x="0" y="495" width="418" height="440"/>
	<SubTexture name="BF NOTE RIGHT0027" x="0" y="495" width="418" height="440"/>
	<SubTexture name="BF NOTE RIGHT0028" x="0" y="495" width="418" height="440"/>
	<SubTexture name="BF NOTE RIGHT0029" x="0" y="495" width="418" height="440"/>
	<SubTexture name="BF NOTE RIGHT0030" x="0" y="495" width="418" height="440"/>
	<SubTexture name="BF NOTE RIGHT0031" x="0" y="495" width="418" height="440"/>
	<SubTexture name="BF NOTE RIGHT0032" x="0" y="495" width="418" height="440"/>
	<SubTexture name="BF NOTE RIGHT0033" x="0" y="495" width="418" height="440"/>
	<SubTexture name="BF NOTE RIGHT0034" x="0" y="495" width="418" height="440"/>
	<SubTexture name="BF NOTE RIGHT0035" x="0" y="495" width="418" height="440"/>
	<SubTexture name="BF NOTE RIGHT0036" x="0" y="495" width="418" height="440"/>
	<SubTexture name="BF NOTE RIGHT0037" x="0" y="495" width="418" height="440"/>
	<SubTexture name="BF NOTE RIGHT0038" x="0" y="495" width="418" height="440"/>
	<SubTexture name="BF NOTE RIGHT0039" x="0" y="495" width="418" height="440"/>
	<SubTexture name="BF NOTE RIGHT0040" x="0" y="495" width="418" height="440"/>
	<SubTexture name="BF NOTE RIGHT0041" x="0" y="495" width="418" height="440"/>
	<SubTexture name="BF NOTE RIGHT0042" x="0" y="495" width="418" height="440"/>
	<SubTexture name="BF NOTE RIGHT0043" x="0" y="495" width="418" height="440"/>
	<SubTexture name="BF NOTE RIGHT0044" x="0" y="495" width="418" height="440"/>
	<SubTexture name="BF NOTE RIGHT0045" x="0" y="495" width="418" height="440"/>
	<SubTexture name="BF NOTE RIGHT0046" x="0" y="495" width="418" height="440"/>
	<SubTexture name="BF NOTE RIGHT0047" x="0" y="495" width="418" height="440"/>
	<SubTexture name="BF NOTE RIGHT0048" x="0" y="495" width="418" height="440"/>
	<SubTexture name="BF NOTE RIGHT0049" x="0" y="495" width="418" height="440"/>
	<SubTexture name="BF NOTE RIGHT0050" x="0" y="495" width="418" height="440"/>
	<SubTexture name="BF NOTE RIGHT0051" x="0" y="495" width="418" height="440"/>
	<SubTexture name="BF NOTE RIGHT0052" x="0" y="495" width="418" height="440"/>
	<SubTexture name="BF NOTE RIGHT0053" x="0" y="495" width="418" height="440"/>
	<SubTexture name="BF NOTE RIGHT0054" x="0" y="495" width="418" height="440"/>
	<SubTexture name="BF NOTE RIGHT0055" x="0" y="495" width="418" height="440"/>
	<SubTexture name="BF NOTE RIGHT0056" x="0" y="495" width="418" height="440"/>
	<SubTexture name="BF NOTE RIGHT0057" x="0" y="495" width="418" height="440"/>
	<SubTexture name="BF NOTE RIGHT0058" x="0" y="495" width="418" height="440"/>
	<SubTexture name="BF NOTE RIGHT0059" x="0" y="495" width="418" height="440"/>
	<SubTexture name="BF NOTE RIGHT0060" x="0" y="495" width="418" height="440"/>
	<SubTexture name="BF NOTE RIGHT0061" x="0" y="495" width="418" height="440"/>
	<SubTexture name="BF NOTE RIGHT MISS0000" x="418" y="495" width="502" height="490"/>
	<SubTexture name="BF NOTE RIGHT MISS0001" x="418" y="495" width="502" height="490"/>
	<SubTexture name="BF NOTE RIGHT MISS0002" x="920" y="495" width="502" height="490"/>
	<SubTexture name="BF NOTE RIGHT MISS0003" x="920" y="495" width="502" height="490"/>
	<SubTexture name="BF NOTE RIGHT MISS0004" x="920" y="495" width="502" height="490"/>
	<SubTexture name="BF NOTE RIGHT MISS0005" x="920" y="495" width="502" height="490"/>
	<SubTexture name="BF NOTE RIGHT MISS0006" x="920" y="495" width="502" height="490"/>
	<SubTexture name="BF NOTE RIGHT MISS0007" x="920" y="495" width="502" height="490"/>
	<SubTexture name="BF NOTE RIGHT MISS0008" x="920" y="495" width="502" height="490"/>
	<SubTexture name="BF NOTE RIGHT MISS0009" x="920" y="495" width="502" height="490"/>
	<SubTexture name="BF NOTE RIGHT MISS0010" x="920" y="495" width="502" height="490"/>
	<SubTexture name="BF NOTE RIGHT MISS0011" x="920" y="495" width="502" height="490"/>
	<SubTexture name="BF NOTE RIGHT MISS0012" x="920" y="495" width="502" height="490"/>
	<SubTexture name="BF NOTE RIGHT MISS0013" x="920" y="495" width="502" height="490"/>
	<SubTexture name="BF NOTE RIGHT MISS0014" x="920" y="495" width="502" height="490"/>
	<SubTexture name="BF NOTE RIGHT MISS0015" x="920" y="495" width="502" height="490"/>
	<SubTexture name="BF NOTE RIGHT MISS0016" x="920" y="495" width="502" height="490"/>
	<SubTexture name="BF NOTE RIGHT MISS0017" x="920" y="495" width="502" height="490"/>
	<SubTexture name="BF NOTE RIGHT MISS0018" x="920" y="495" width="502" height="490"/>
	<SubTexture name="BF NOTE RIGHT MISS0019" x="920" y="495" width="502" height="490"/>
	<SubTexture name="BF NOTE RIGHT MISS0020" x="920" y="495" width="502" height="490"/>
	<SubTexture name="BF NOTE RIGHT MISS0021" x="920" y="495" width="502" height="490"/>
	<SubTexture name="BF NOTE RIGHT MISS0022" x="920" y="495" width="502" height="490"/>
	<SubTexture name="BF NOTE RIGHT MISS0023" x="920" y="495" width="502" height="490"/>
	<SubTexture name="BF NOTE RIGHT MISS0024" x="920" y="495" width="502" height="490"/>
	<SubTexture name="BF NOTE RIGHT MISS0025" x="920" y="495" width="502" height="490"/>
	<SubTexture name="BF NOTE RIGHT MISS0026" x="920" y="495" width="502" height="490"/>
	<SubTexture name="BF NOTE RIGHT MISS0027" x="920" y="495" width="502" height="490"/>
	<SubTexture name="BF NOTE RIGHT MISS0028" x="920" y="495" width="502" height="490"/>
	<SubTexture name="BF NOTE RIGHT MISS0029" x="920" y="495" width="502" height="490"/>
	<SubTexture name="BF NOTE RIGHT MISS0030" x="920" y="495" width="502" height="490"/>
	<SubTexture name="BF NOTE RIGHT MISS0031" x="920" y="495" width="502" height="490"/>
	<SubTexture name="BF NOTE RIGHT MISS0032" x="920" y="495" width="502" height="490"/>
	<SubTexture name="BF NOTE RIGHT MISS0033" x="920" y="495" width="502" height="490"/>
	<SubTexture name="BF NOTE RIGHT MISS0034" x="920" y="495" width="502" height="490"/>
	<SubTexture name="BF NOTE RIGHT MISS0035" x="920" y="495" width="502" height="490"/>
	<SubTexture name="BF NOTE RIGHT MISS0036" x="920" y="495" width="502" height="490"/>
	<SubTexture name="BF NOTE RIGHT MISS0037" x="920" y="495" width="502" height="490"/>
	<SubTexture name="BF NOTE RIGHT MISS0038" x="920" y="495" width="502" height="490"/>
	<SubTexture name="BF NOTE RIGHT MISS0039" x="920" y="495" width="502" height="490"/>
	<SubTexture name="BF NOTE RIGHT MISS0040" x="920" y="495" width="502" height="490"/>
	<SubTexture name="BF NOTE RIGHT MISS0041" x="920" y="495" width="502" height="490"/>
	<SubTexture name="BF NOTE RIGHT MISS0042" x="920" y="495" width="502" height="490"/>
	<SubTexture name="BF NOTE RIGHT MISS0043" x="920" y="495" width="502" height="490"/>
	<SubTexture name="BF NOTE RIGHT MISS0044" x="920" y="495" width="502" height="490"/>
	<SubTexture name="BF NOTE UP0000" x="1422" y="495" width="420" height="478"/>
	<SubTexture name="BF NOTE UP0001" x="1422" y="495" width="420" height="478"/>
	<SubTexture name="BF NOTE UP0002" x="1842" y="495" width="420" height="478"/>
	<SubTexture name="BF NOTE UP0003" x="1842" y="495" width="420" height="478"/>
	<SubTexture name="BF NOTE UP0004" x="1842" y="495" width="420" height="478"/>
	<SubTexture name="BF NOTE UP0005" x="1842" y="495" width="420" height="478"/>
	<SubTexture name="BF NOTE UP0006" x="1842" y="495" width="420" height="478"/>
	<SubTexture name="BF NOTE UP0007" x="1842" y="495" width="420" height="478"/>
	<SubTexture name="BF NOTE UP0008" x="1842" y="495" width="420" height="478"/>
	<SubTexture name="BF NOTE UP0009" x="1842" y="495" width="420" height="478"/>
	<SubTexture name="BF NOTE UP0010" x="1842" y="495" width="420" height="478"/>
	<SubTexture name="BF NOTE UP0011" x="1842" y="495" width="420" height="478"/>
	<SubTexture name="BF NOTE UP0012" x="1842" y="495" width="420" height="478"/>
	<SubTexture name="BF NOTE UP0013" x="1842" y="495" width="420" height="478"/>
	<SubTexture name="BF NOTE UP0014" x="1842" y="495" width="420" height="478"/>
	<SubTexture name="BF NOTE UP MISS0000" x="2262" y="495" width="495" height="490"/>
	<SubTexture name="BF NOTE UP MISS0001" x="2262" y="495" width="495" height="490"/>
	<SubTexture name="BF NOTE UP MISS0002" x="2757" y="495" width="495" height="490"/>
	<SubTexture name="BF NOTE UP MISS0003" x="2757" y="495" width="495" height="490"/>
	<SubTexture name="BF NOTE UP MISS0004" x="2757" y="495" width="495" height="490"/>
	<SubTexture name="BF NOTE UP MISS0005" x="2757" y="495" width="495" height="490"/>
	<SubTexture name="BF NOTE UP MISS0006" x="2757" y="495" width="495" height="490"/>
	<SubTexture name="BF NOTE UP MISS0007" x="2757" y="495" width="495" height="490"/>
	<SubTexture name="BF NOTE UP MISS0008" x="2757" y="495" width="495" height="490"/>
	<SubTexture name="BF NOTE UP MISS0009" x="2757" y="495" width="495" height="490"/>
	<SubTexture name="BF NOTE UP MISS0010" x="2757" y="495" width="495" height="490"/>
	<SubTexture name="BF NOTE UP MISS0011" x="2757" y="495" width="495" height="490"/>
	<SubTexture name="BF NOTE UP MISS0012" x="2757" y="495" width="495" height="490"/>
	<SubTexture name="BF NOTE UP MISS0013" x="2757" y="495" width="495" height="490"/>
	<SubTexture name="BF NOTE UP MISS0014" x="2757" y="495" width="495" height="490"/>
	<SubTexture name="BF NOTE UP MISS0015" x="2757" y="495" width="495" height="490"/>
	<SubTexture name="BF NOTE UP MISS0016" x="2757" y="495" width="495" height="490"/>
	<SubTexture name="BF NOTE UP MISS0017" x="2757" y="495" width="495" height="490"/>
	<SubTexture name="BF NOTE UP MISS0018" x="2757" y="495" width="495" height="490"/>
	<SubTexture name="BF NOTE UP MISS0019" x="2757" y="495" width="495" height="490"/>
	<SubTexture name="BF NOTE UP MISS0020" x="2757" y="495" width="495" height="490"/>
	<SubTexture name="BF NOTE UP MISS0021" x="2757" y="495" width="495" height="490"/>
	<SubTexture name="BF NOTE UP MISS0022" x="2757" y="495" width="495" height="490"/>
	<SubTexture name="BF idle dance0000" x="3252" y="495" width="418" height="430"/>
	<SubTexture name="BF idle dance0001" x="3252" y="495" width="418" height="430"/>
	<SubTexture name="BF idle dance0002" x="3670" y="495" width="418" height="430"/>
	<SubTexture name="BF idle dance0003" x="3670" y="495" width="418" height="430"/>
	<SubTexture name="BF idle dance0004" x="0" y="985" width="418" height="430"/>
	<SubTexture name="BF idle dance0005" x="0" y="985" width="418" height="430"/>
	<SubTexture name="BF idle dance0006" x="418" y="985" width="418" height="430"/>
	<SubTexture name="BF idle dance0007" x="418" y="985" width="418" height="430"/>
	<SubTexture name="BF idle dance0008" x="836" y="985" width="418" height="430"/>
	<SubTexture name="BF idle dance0009" x="836" y="985" width="418" height="430"/>
	<SubTexture name="BF idle dance0010" x="836" y="985" width="418" height="430"/>
	<SubTexture name="BF idle dance0011" x="836" y="985" width="418" height="430"/>
	<SubTexture name="BF idle dance0012" x="836" y="985" width="418" height="430"/>
	<SubTexture name="BF idle dance0013" x="836" y="985" width="418" height="430"/>
</TextureAtlas>
