﻿<?xml version="1.0" encoding="utf-8"?>
<TextureAtlas imagePath="robro.png">
	<!-- Created with Adobe Animate version 20.5.0.29329 -->
	<!-- http://www.adobe.com/products/animate.html -->
	<SubTexture name="Robro Down0000" x="0" y="0" width="610" height="830"/>
	<SubTexture name="Robro Down0001" x="0" y="0" width="610" height="830"/>
	<SubTexture name="Robro Down0002" x="610" y="0" width="610" height="830"/>
	<SubTexture name="Robro Down0003" x="610" y="0" width="610" height="830"/>
	<SubTexture name="Robro Down0004" x="610" y="0" width="610" height="830"/>
	<SubTexture name="Robro Down0005" x="610" y="0" width="610" height="830"/>
	<SubTexture name="Robro Down0006" x="610" y="0" width="610" height="830"/>
	<SubTexture name="Robro Down0007" x="610" y="0" width="610" height="830"/>
	<SubTexture name="Robro Down0008" x="610" y="0" width="610" height="830"/>
	<SubTexture name="Robro Down0009" x="610" y="0" width="610" height="830"/>
	<SubTexture name="Robro Down0010" x="610" y="0" width="610" height="830"/>
	<SubTexture name="Robro Down0011" x="610" y="0" width="610" height="830"/>
	<SubTexture name="Robro Down0012" x="610" y="0" width="610" height="830"/>
	<SubTexture name="Robro Down0013" x="610" y="0" width="610" height="830"/>
	<SubTexture name="Robro Idle0000" x="1220" y="0" width="572" height="827"/>
	<SubTexture name="Robro Idle0001" x="1220" y="0" width="572" height="827"/>
	<SubTexture name="Robro Idle0002" x="1792" y="0" width="572" height="827"/>
	<SubTexture name="Robro Idle0003" x="1792" y="0" width="572" height="827"/>
	<SubTexture name="Robro Idle0004" x="2364" y="0" width="572" height="827"/>
	<SubTexture name="Robro Idle0005" x="2364" y="0" width="572" height="827"/>
	<SubTexture name="Robro Idle0006" x="2936" y="0" width="572" height="827"/>
	<SubTexture name="Robro Idle0007" x="2936" y="0" width="572" height="827"/>
	<SubTexture name="Robro Idle0008" x="3508" y="0" width="572" height="827"/>
	<SubTexture name="Robro Idle0009" x="3508" y="0" width="572" height="827"/>
	<SubTexture name="Robro Idle0010" x="0" y="830" width="572" height="827"/>
	<SubTexture name="Robro Idle0011" x="0" y="830" width="572" height="827"/>
	<SubTexture name="Robro Idle0012" x="0" y="830" width="572" height="827"/>
	<SubTexture name="Robro Idle0013" x="0" y="830" width="572" height="827"/>
	<SubTexture name="Robro Idle0014" x="572" y="830" width="572" height="827"/>
	<SubTexture name="Robro Idle0015" x="572" y="830" width="572" height="827"/>
	<SubTexture name="Robro Idle0016" x="1144" y="830" width="572" height="827"/>
	<SubTexture name="Robro Idle0017" x="1144" y="830" width="572" height="827"/>
	<SubTexture name="Robro Idle0018" x="1716" y="830" width="572" height="827"/>
	<SubTexture name="Robro Idle0019" x="1716" y="830" width="572" height="827"/>
	<SubTexture name="Robro Idle0020" x="2288" y="830" width="572" height="827"/>
	<SubTexture name="Robro Idle0021" x="2288" y="830" width="572" height="827"/>
	<SubTexture name="Robro Idle0022" x="2860" y="830" width="572" height="827"/>
	<SubTexture name="Robro Idle0023" x="2860" y="830" width="572" height="827"/>
	<SubTexture name="Robro Idle0024" x="0" y="830" width="572" height="827"/>
	<SubTexture name="Robro Idle0025" x="0" y="830" width="572" height="827"/>
	<SubTexture name="Robro Idle0026" x="0" y="830" width="572" height="827"/>
	<SubTexture name="Robro Idle0027" x="0" y="830" width="572" height="827"/>
	<SubTexture name="Robro Left0000" x="3432" y="830" width="466" height="780"/>
	<SubTexture name="Robro Left0001" x="3432" y="830" width="466" height="780"/>
	<SubTexture name="Robro Left0002" x="0" y="1657" width="466" height="780"/>
	<SubTexture name="Robro Left0003" x="0" y="1657" width="466" height="780"/>
	<SubTexture name="Robro Left0004" x="0" y="1657" width="466" height="780"/>
	<SubTexture name="Robro Left0005" x="0" y="1657" width="466" height="780"/>
	<SubTexture name="Robro Left0006" x="0" y="1657" width="466" height="780"/>
	<SubTexture name="Robro Left0007" x="0" y="1657" width="466" height="780"/>
	<SubTexture name="Robro Left0008" x="0" y="1657" width="466" height="780"/>
	<SubTexture name="Robro Left0009" x="0" y="1657" width="466" height="780"/>
	<SubTexture name="Robro Left0010" x="0" y="1657" width="466" height="780"/>
	<SubTexture name="Robro Left0011" x="0" y="1657" width="466" height="780"/>
	<SubTexture name="Robro Left0012" x="0" y="1657" width="466" height="780"/>
	<SubTexture name="Robro Left0013" x="0" y="1657" width="466" height="780"/>
	<SubTexture name="Robro Right0000" x="466" y="1657" width="468" height="812"/>
	<SubTexture name="Robro Right0001" x="466" y="1657" width="468" height="812"/>
	<SubTexture name="Robro Right0002" x="934" y="1657" width="468" height="812"/>
	<SubTexture name="Robro Right0003" x="934" y="1657" width="468" height="812"/>
	<SubTexture name="Robro Right0004" x="934" y="1657" width="468" height="812"/>
	<SubTexture name="Robro Right0005" x="934" y="1657" width="468" height="812"/>
	<SubTexture name="Robro Right0006" x="934" y="1657" width="468" height="812"/>
	<SubTexture name="Robro Right0007" x="934" y="1657" width="468" height="812"/>
	<SubTexture name="Robro Right0008" x="934" y="1657" width="468" height="812"/>
	<SubTexture name="Robro Right0009" x="934" y="1657" width="468" height="812"/>
	<SubTexture name="Robro Right0010" x="934" y="1657" width="468" height="812"/>
	<SubTexture name="Robro Right0011" x="934" y="1657" width="468" height="812"/>
	<SubTexture name="Robro Right0012" x="934" y="1657" width="468" height="812"/>
	<SubTexture name="Robro Right0013" x="934" y="1657" width="468" height="812"/>
	<SubTexture name="Robro Up0000" x="1402" y="1657" width="432" height="793"/>
	<SubTexture name="Robro Up0001" x="1402" y="1657" width="432" height="793"/>
	<SubTexture name="Robro Up0002" x="1834" y="1657" width="432" height="793"/>
	<SubTexture name="Robro Up0003" x="1834" y="1657" width="432" height="793"/>
	<SubTexture name="Robro Up0004" x="1834" y="1657" width="432" height="793"/>
	<SubTexture name="Robro Up0005" x="1834" y="1657" width="432" height="793"/>
	<SubTexture name="Robro Up0006" x="1834" y="1657" width="432" height="793"/>
	<SubTexture name="Robro Up0007" x="1834" y="1657" width="432" height="793"/>
	<SubTexture name="Robro Up0008" x="1834" y="1657" width="432" height="793"/>
	<SubTexture name="Robro Up0009" x="1834" y="1657" width="432" height="793"/>
	<SubTexture name="Robro Up0010" x="1834" y="1657" width="432" height="793"/>
	<SubTexture name="Robro Up0011" x="1834" y="1657" width="432" height="793"/>
	<SubTexture name="Robro Up0012" x="1834" y="1657" width="432" height="793"/>
	<SubTexture name="Robro Up0013" x="1834" y="1657" width="432" height="793"/>
</TextureAtlas>
