{
	"animations": [
		[
			"danceLeft",
			"GF",
			24,
			false,
			[0, 1, 2, 3, 4, 5, 6, 7, 8, 9, 10, 11, 12, 13]
		],
		[
			"danceRight",
			"GF",
			24,
			false,
			[14, 15, 16, 17, 18, 19, 20, 21, 22, 23, 24, 25, 26, 27]
		]
	],
	"afterimage": [],
	"barRGBA": [
		55,
		70,
		255,
		100
	],
	"charPos": [
		0,
		0
	],
	"offsets": [
		[
			"danceLeft",
			0,
			0
		],
		[
			"danceRight",
			0,
            0
		]
	],
	"flipX": false,
	"cameraPos": [
		0,
		0
	],
	"icon": "gf",
	"idle": [
        "danceRight",
		"danceLeft"
	],
	"antialiasing": true,
	"assets": [
		"characters/gf-new"
	]
}