{
	"animations": [
		[
			"singLEFT",
			"Robro Left",
			24,
			false,
			[]
		],
		[
			"singRIGHT",
			"Robro Right",
			24,
			false,
			[]
		],
		[
			"singDOWN",
			"Robro Down",
			24,
			false,
			[]
		],
		[
			"singUP",
			"Robro Up",
			24,
			false,
			[]
		],
		[
			"idle",
			"Robro Idle",
			24,
			false,
			[]
		]
	],
	"afterimage": [],
	"barRGBA": [
		55,
		70,
		255,
		100
	],
	"charPos": [
		0,
		0
	],
	"offsets": [
		[
			"singLEFT",
			-82,
			-42
		],
		[
			"singRIGHT",
			-145,
			-45
		],
		[
			"singDOWN",
			10,
			-10
		],
		[
			"singUP",
			-80,
			-40
		],
		[
			"idle",
			0,
			0
		]
	],
	"flipX": false,
	"cameraPos": [
		300,
		20
	],
	"icon": "robro",
	"idle": [
		"idle"
	],
	"antialiasing": true,
	"assets": [
		"characters/robro"
	]
}