﻿<?xml version="1.0" encoding="utf-8"?>
<TextureAtlas imagePath="ChamaChristmas.png">
	<!-- Created with Adobe Animate version 20.0.3.25487 -->
	<!-- http://www.adobe.com/products/animate.html -->
	<SubTexture name="right0000" x="2" y="2" width="359" height="589" frameX="-11" frameY="-20" frameWidth="370" frameHeight="609"/>
	<SubTexture name="right0001" x="2" y="2" width="359" height="589" frameX="-11" frameY="-20" frameWidth="370" frameHeight="609"/>
	<SubTexture name="right0002" x="365" y="2" width="334" height="609" frameX="0" frameY="0" frameWidth="370" frameHeight="609"/>
	<SubTexture name="right0003" x="703" y="2" width="334" height="609" frameX="0" frameY="0" frameWidth="370" frameHeight="609"/>
	<SubTexture name="right0004" x="1041" y="2" width="334" height="606" frameX="0" frameY="-3" frameWidth="370" frameHeight="609"/>
	<SubTexture name="right0005" x="1379" y="2" width="334" height="606" frameX="0" frameY="-3" frameWidth="370" frameHeight="609"/>
	<SubTexture name="right0006" x="1041" y="2" width="334" height="606" frameX="0" frameY="-3" frameWidth="370" frameHeight="609"/>
	<SubTexture name="right0007" x="1379" y="2" width="334" height="606" frameX="0" frameY="-3" frameWidth="370" frameHeight="609"/>
	<SubTexture name="right0008" x="1041" y="2" width="334" height="606" frameX="0" frameY="-3" frameWidth="370" frameHeight="609"/>
	<SubTexture name="right0009" x="1379" y="2" width="334" height="606" frameX="0" frameY="-3" frameWidth="370" frameHeight="609"/>
	<SubTexture name="right0010" x="1041" y="2" width="334" height="606" frameX="0" frameY="-3" frameWidth="370" frameHeight="609"/>
	<SubTexture name="right0011" x="1379" y="2" width="334" height="606" frameX="0" frameY="-3" frameWidth="370" frameHeight="609"/>
	<SubTexture name="right0012" x="1041" y="2" width="334" height="606" frameX="0" frameY="-3" frameWidth="370" frameHeight="609"/>
	<SubTexture name="right0013" x="1379" y="2" width="334" height="606" frameX="0" frameY="-3" frameWidth="370" frameHeight="609"/>
	<SubTexture name="right0014" x="1041" y="2" width="334" height="606" frameX="0" frameY="-3" frameWidth="370" frameHeight="609"/>
	<SubTexture name="right0015" x="1379" y="2" width="334" height="606" frameX="0" frameY="-3" frameWidth="370" frameHeight="609"/>
	<SubTexture name="right0016" x="1041" y="2" width="334" height="606" frameX="0" frameY="-3" frameWidth="370" frameHeight="609"/>
	<SubTexture name="right0017" x="1379" y="2" width="334" height="606" frameX="0" frameY="-3" frameWidth="370" frameHeight="609"/>
	<SubTexture name="right0018" x="1041" y="2" width="334" height="606" frameX="0" frameY="-3" frameWidth="370" frameHeight="609"/>
	<SubTexture name="left0000" x="1717" y="2" width="320" height="615" frameX="-4" frameY="-1" frameWidth="324" frameHeight="617"/>
	<SubTexture name="left0001" x="1717" y="2" width="320" height="615" frameX="-4" frameY="-1" frameWidth="324" frameHeight="617"/>
	<SubTexture name="left0002" x="2041" y="2" width="317" height="617" frameX="0" frameY="0" frameWidth="324" frameHeight="617"/>
	<SubTexture name="left0003" x="2362" y="2" width="317" height="617" frameX="0" frameY="0" frameWidth="324" frameHeight="617"/>
	<SubTexture name="left0004" x="2683" y="2" width="317" height="617" frameX="0" frameY="0" frameWidth="324" frameHeight="617"/>
	<SubTexture name="left0005" x="3004" y="2" width="317" height="617" frameX="0" frameY="0" frameWidth="324" frameHeight="617"/>
	<SubTexture name="left0006" x="2683" y="2" width="317" height="617" frameX="0" frameY="0" frameWidth="324" frameHeight="617"/>
	<SubTexture name="left0007" x="3004" y="2" width="317" height="617" frameX="0" frameY="0" frameWidth="324" frameHeight="617"/>
	<SubTexture name="left0008" x="2683" y="2" width="317" height="617" frameX="0" frameY="0" frameWidth="324" frameHeight="617"/>
	<SubTexture name="left0009" x="3004" y="2" width="317" height="617" frameX="0" frameY="0" frameWidth="324" frameHeight="617"/>
	<SubTexture name="left0010" x="2683" y="2" width="317" height="617" frameX="0" frameY="0" frameWidth="324" frameHeight="617"/>
	<SubTexture name="left0011" x="3004" y="2" width="317" height="617" frameX="0" frameY="0" frameWidth="324" frameHeight="617"/>
	<SubTexture name="left0012" x="2683" y="2" width="317" height="617" frameX="0" frameY="0" frameWidth="324" frameHeight="617"/>
	<SubTexture name="left0013" x="3004" y="2" width="317" height="617" frameX="0" frameY="0" frameWidth="324" frameHeight="617"/>
	<SubTexture name="left0014" x="2683" y="2" width="317" height="617" frameX="0" frameY="0" frameWidth="324" frameHeight="617"/>
	<SubTexture name="down0000" x="3325" y="2" width="414" height="540" frameX="0" frameY="-7" frameWidth="414" frameHeight="547"/>
	<SubTexture name="down0001" x="2" y="623" width="414" height="540" frameX="0" frameY="-7" frameWidth="414" frameHeight="547"/>
	<SubTexture name="down0002" x="420" y="623" width="391" height="547" frameX="-18" frameY="0" frameWidth="414" frameHeight="547"/>
	<SubTexture name="down0003" x="815" y="623" width="391" height="547" frameX="-18" frameY="0" frameWidth="414" frameHeight="547"/>
	<SubTexture name="down0004" x="1210" y="623" width="391" height="541" frameX="-18" frameY="-6" frameWidth="414" frameHeight="547"/>
	<SubTexture name="down0005" x="1605" y="623" width="391" height="541" frameX="-18" frameY="-6" frameWidth="414" frameHeight="547"/>
	<SubTexture name="down0006" x="1210" y="623" width="391" height="541" frameX="-18" frameY="-6" frameWidth="414" frameHeight="547"/>
	<SubTexture name="down0007" x="1605" y="623" width="391" height="541" frameX="-18" frameY="-6" frameWidth="414" frameHeight="547"/>
	<SubTexture name="down0008" x="1210" y="623" width="391" height="541" frameX="-18" frameY="-6" frameWidth="414" frameHeight="547"/>
	<SubTexture name="down0009" x="1605" y="623" width="391" height="541" frameX="-18" frameY="-6" frameWidth="414" frameHeight="547"/>
	<SubTexture name="down0010" x="1210" y="623" width="391" height="541" frameX="-18" frameY="-6" frameWidth="414" frameHeight="547"/>
	<SubTexture name="down0011" x="1605" y="623" width="391" height="541" frameX="-18" frameY="-6" frameWidth="414" frameHeight="547"/>
	<SubTexture name="down0012" x="1210" y="623" width="391" height="541" frameX="-18" frameY="-6" frameWidth="414" frameHeight="547"/>
	<SubTexture name="down0013" x="1605" y="623" width="391" height="541" frameX="-18" frameY="-6" frameWidth="414" frameHeight="547"/>
	<SubTexture name="down0014" x="1210" y="623" width="391" height="541" frameX="-18" frameY="-6" frameWidth="414" frameHeight="547"/>
	<SubTexture name="down0015" x="1605" y="623" width="391" height="541" frameX="-18" frameY="-6" frameWidth="414" frameHeight="547"/>
	<SubTexture name="down0016" x="1210" y="623" width="391" height="541" frameX="-18" frameY="-6" frameWidth="414" frameHeight="547"/>
	<SubTexture name="down0017" x="1605" y="623" width="391" height="541" frameX="-18" frameY="-6" frameWidth="414" frameHeight="547"/>
	<SubTexture name="down0018" x="1210" y="623" width="391" height="541" frameX="-18" frameY="-6" frameWidth="414" frameHeight="547"/>
	<SubTexture name="down0019" x="1605" y="623" width="391" height="541" frameX="-18" frameY="-6" frameWidth="414" frameHeight="547"/>
	<SubTexture name="down0020" x="1210" y="623" width="391" height="541" frameX="-18" frameY="-6" frameWidth="414" frameHeight="547"/>
	<SubTexture name="down0021" x="1605" y="623" width="391" height="541" frameX="-18" frameY="-6" frameWidth="414" frameHeight="547"/>
	<SubTexture name="down0022" x="1210" y="623" width="391" height="541" frameX="-18" frameY="-6" frameWidth="414" frameHeight="547"/>
	<SubTexture name="down0023" x="1605" y="623" width="391" height="541" frameX="-18" frameY="-6" frameWidth="414" frameHeight="547"/>
	<SubTexture name="down0024" x="1210" y="623" width="391" height="541" frameX="-18" frameY="-6" frameWidth="414" frameHeight="547"/>
	<SubTexture name="down0025" x="1605" y="623" width="391" height="541" frameX="-18" frameY="-6" frameWidth="414" frameHeight="547"/>
	<SubTexture name="down0026" x="1210" y="623" width="391" height="541" frameX="-18" frameY="-6" frameWidth="414" frameHeight="547"/>
	<SubTexture name="down0027" x="1605" y="623" width="391" height="541" frameX="-18" frameY="-6" frameWidth="414" frameHeight="547"/>
	<SubTexture name="down0028" x="1210" y="623" width="391" height="541" frameX="-18" frameY="-6" frameWidth="414" frameHeight="547"/>
	<SubTexture name="down0029" x="1605" y="623" width="391" height="541" frameX="-18" frameY="-6" frameWidth="414" frameHeight="547"/>
	<SubTexture name="idle0000" x="2000" y="623" width="392" height="621" frameX="-5" frameY="0" frameWidth="411" frameHeight="622"/>
	<SubTexture name="idle0001" x="2396" y="623" width="394" height="621" frameX="-5" frameY="0" frameWidth="411" frameHeight="622"/>
	<SubTexture name="idle0002" x="2794" y="623" width="386" height="612" frameX="0" frameY="-9" frameWidth="411" frameHeight="622"/>
	<SubTexture name="idle0003" x="3184" y="623" width="389" height="612" frameX="0" frameY="-9" frameWidth="411" frameHeight="622"/>
	<SubTexture name="idle0004" x="3577" y="623" width="382" height="603" frameX="-10" frameY="-18" frameWidth="411" frameHeight="622"/>
	<SubTexture name="idle0005" x="2" y="1248" width="384" height="603" frameX="-10" frameY="-18" frameWidth="411" frameHeight="622"/>
	<SubTexture name="idle0006" x="390" y="1248" width="388" height="606" frameX="-21" frameY="-15" frameWidth="411" frameHeight="622"/>
	<SubTexture name="idle0007" x="782" y="1248" width="394" height="617" frameX="-17" frameY="-4" frameWidth="411" frameHeight="622"/>
	<SubTexture name="idle0008" x="1180" y="1248" width="397" height="621" frameX="-11" frameY="0" frameWidth="411" frameHeight="622"/>
	<SubTexture name="idle0009" x="1581" y="1248" width="399" height="621" frameX="-11" frameY="0" frameWidth="411" frameHeight="622"/>
	<SubTexture name="idle0010" x="1984" y="1248" width="394" height="622" frameX="-8" frameY="0" frameWidth="411" frameHeight="622"/>
	<SubTexture name="idle0011" x="2382" y="1248" width="396" height="622" frameX="-8" frameY="0" frameWidth="411" frameHeight="622"/>
	<SubTexture name="idle0012" x="1984" y="1248" width="394" height="622" frameX="-8" frameY="0" frameWidth="411" frameHeight="622"/>
	<SubTexture name="idle0013" x="2382" y="1248" width="396" height="622" frameX="-8" frameY="0" frameWidth="411" frameHeight="622"/>
	<SubTexture name="idle0014" x="1984" y="1248" width="394" height="622" frameX="-8" frameY="0" frameWidth="411" frameHeight="622"/>
	<SubTexture name="up0000" x="2782" y="1248" width="379" height="651" frameX="-6" frameY="0" frameWidth="386" frameHeight="651"/>
	<SubTexture name="up0001" x="2782" y="1248" width="379" height="651" frameX="-6" frameY="0" frameWidth="386" frameHeight="651"/>
	<SubTexture name="up0002" x="3165" y="1248" width="386" height="630" frameX="0" frameY="-18" frameWidth="386" frameHeight="651"/>
	<SubTexture name="up0003" x="3555" y="1248" width="386" height="630" frameX="0" frameY="-18" frameWidth="386" frameHeight="651"/>
	<SubTexture name="up0004" x="2" y="1903" width="386" height="630" frameX="0" frameY="-18" frameWidth="386" frameHeight="651"/>
	<SubTexture name="up0005" x="392" y="1903" width="386" height="630" frameX="0" frameY="-18" frameWidth="386" frameHeight="651"/>
	<SubTexture name="up0006" x="2" y="1903" width="386" height="630" frameX="0" frameY="-18" frameWidth="386" frameHeight="651"/>
	<SubTexture name="up0007" x="392" y="1903" width="386" height="630" frameX="0" frameY="-18" frameWidth="386" frameHeight="651"/>
	<SubTexture name="up0008" x="2" y="1903" width="386" height="630" frameX="0" frameY="-18" frameWidth="386" frameHeight="651"/>
	<SubTexture name="up0009" x="392" y="1903" width="386" height="630" frameX="0" frameY="-18" frameWidth="386" frameHeight="651"/>
	<SubTexture name="up0010" x="2" y="1903" width="386" height="630" frameX="0" frameY="-18" frameWidth="386" frameHeight="651"/>
	<SubTexture name="up0011" x="392" y="1903" width="386" height="630" frameX="0" frameY="-18" frameWidth="386" frameHeight="651"/>
	<SubTexture name="up0012" x="2" y="1903" width="386" height="630" frameX="0" frameY="-18" frameWidth="386" frameHeight="651"/>
	<SubTexture name="up0013" x="392" y="1903" width="386" height="630" frameX="0" frameY="-18" frameWidth="386" frameHeight="651"/>
	<SubTexture name="up0014" x="2" y="1903" width="386" height="630" frameX="0" frameY="-18" frameWidth="386" frameHeight="651"/>
	<SubTexture name="up0015" x="392" y="1903" width="386" height="630" frameX="0" frameY="-18" frameWidth="386" frameHeight="651"/>
	<SubTexture name="up0016" x="2" y="1903" width="386" height="630" frameX="0" frameY="-18" frameWidth="386" frameHeight="651"/>
	<SubTexture name="up0017" x="392" y="1903" width="386" height="630" frameX="0" frameY="-18" frameWidth="386" frameHeight="651"/>
	<SubTexture name="up0018" x="2" y="1903" width="386" height="630" frameX="0" frameY="-18" frameWidth="386" frameHeight="651"/>
	<SubTexture name="up0019" x="392" y="1903" width="386" height="630" frameX="0" frameY="-18" frameWidth="386" frameHeight="651"/>
	<SubTexture name="up0020" x="2" y="1903" width="386" height="630" frameX="0" frameY="-18" frameWidth="386" frameHeight="651"/>
	<SubTexture name="up0021" x="392" y="1903" width="386" height="630" frameX="0" frameY="-18" frameWidth="386" frameHeight="651"/>
	<SubTexture name="up0022" x="2" y="1903" width="386" height="630" frameX="0" frameY="-18" frameWidth="386" frameHeight="651"/>
	<SubTexture name="up0023" x="392" y="1903" width="386" height="630" frameX="0" frameY="-18" frameWidth="386" frameHeight="651"/>
</TextureAtlas>
