﻿<?xml version="1.0" encoding="utf-8"?>
<TextureAtlas imagePath="rusia.png">
	<!-- Created with Adobe Animate version 21.0.5.40714 -->
	<!-- http://www.adobe.com/products/animate.html -->
	<SubTexture name="Dad Sing Note DOWN0000" x="30" y="30" width="657" height="632" pivotX="81" pivotY="-84" frameX="0" frameY="-21" frameWidth="657" frameHeight="653"/>
	<SubTexture name="Dad Sing Note DOWN0001" x="30" y="30" width="657" height="632" frameX="0" frameY="-21" frameWidth="657" frameHeight="653"/>
	<SubTexture name="Dad Sing Note DOWN0002" x="687" y="30" width="657" height="644" frameX="0" frameY="0" frameWidth="657" frameHeight="653"/>
	<SubTexture name="Dad Sing Note DOWN0003" x="687" y="30" width="657" height="644" frameX="0" frameY="0" frameWidth="657" frameHeight="653"/>
	<SubTexture name="Dad Sing Note DOWN0004" x="1344" y="30" width="657" height="644" frameX="0" frameY="0" frameWidth="657" frameHeight="653"/>
	<SubTexture name="Dad Sing Note DOWN0005" x="1344" y="30" width="657" height="644" frameX="0" frameY="0" frameWidth="657" frameHeight="653"/>
	<SubTexture name="Dad Sing Note DOWN0006" x="1344" y="30" width="657" height="644" frameX="0" frameY="0" frameWidth="657" frameHeight="653"/>
	<SubTexture name="Dad Sing Note DOWN0007" x="1344" y="30" width="657" height="644" frameX="0" frameY="0" frameWidth="657" frameHeight="653"/>
	<SubTexture name="Dad Sing Note DOWN0008" x="1344" y="30" width="657" height="644" frameX="0" frameY="0" frameWidth="657" frameHeight="653"/>
	<SubTexture name="Dad Sing Note DOWN0009" x="1344" y="30" width="657" height="644" frameX="0" frameY="0" frameWidth="657" frameHeight="653"/>
	<SubTexture name="Dad Sing Note DOWN0010" x="1344" y="30" width="657" height="644" frameX="0" frameY="0" frameWidth="657" frameHeight="653"/>
	<SubTexture name="Dad Sing Note DOWN0011" x="1344" y="30" width="657" height="644" frameX="0" frameY="0" frameWidth="657" frameHeight="653"/>
	<SubTexture name="Dad Sing Note DOWN0012" x="1344" y="30" width="657" height="644" frameX="0" frameY="0" frameWidth="657" frameHeight="653"/>
	<SubTexture name="Dad Sing Note DOWN0013" x="1344" y="30" width="657" height="644" frameX="0" frameY="0" frameWidth="657" frameHeight="653"/>
	<SubTexture name="Dad Sing Note DOWN0014" x="1344" y="30" width="657" height="644" frameX="0" frameY="0" frameWidth="657" frameHeight="653"/>
	<SubTexture name="Dad Sing Note DOWN0015" x="1344" y="30" width="657" height="644" frameX="0" frameY="0" frameWidth="657" frameHeight="653"/>
	<SubTexture name="Dad Sing Note LEFT0000" x="2001" y="30" width="733" height="677" pivotX="45.05" pivotY="-75"/>
	<SubTexture name="Dad Sing Note LEFT0001" x="2001" y="30" width="733" height="677"/>
	<SubTexture name="Dad Sing Note LEFT0002" x="2734" y="30" width="691" height="677" frameX="-38" frameY="0" frameWidth="733" frameHeight="677"/>
	<SubTexture name="Dad Sing Note LEFT0003" x="2734" y="30" width="691" height="677" frameX="-38" frameY="0" frameWidth="733" frameHeight="677"/>
	<SubTexture name="Dad Sing Note LEFT0004" x="3425" y="30" width="691" height="677" frameX="-38" frameY="0" frameWidth="733" frameHeight="677"/>
	<SubTexture name="Dad Sing Note LEFT0005" x="3425" y="30" width="691" height="677" frameX="-38" frameY="0" frameWidth="733" frameHeight="677"/>
	<SubTexture name="Dad Sing Note LEFT0006" x="3425" y="30" width="691" height="677" frameX="-38" frameY="0" frameWidth="733" frameHeight="677"/>
	<SubTexture name="Dad Sing Note LEFT0007" x="3425" y="30" width="691" height="677" frameX="-38" frameY="0" frameWidth="733" frameHeight="677"/>
	<SubTexture name="Dad Sing Note LEFT0008" x="3425" y="30" width="691" height="677" frameX="-38" frameY="0" frameWidth="733" frameHeight="677"/>
	<SubTexture name="Dad Sing Note LEFT0009" x="3425" y="30" width="691" height="677" frameX="-38" frameY="0" frameWidth="733" frameHeight="677"/>
	<SubTexture name="Dad Sing Note LEFT0010" x="3425" y="30" width="691" height="677" frameX="-38" frameY="0" frameWidth="733" frameHeight="677"/>
	<SubTexture name="Dad Sing Note LEFT0011" x="3425" y="30" width="691" height="677" frameX="-38" frameY="0" frameWidth="733" frameHeight="677"/>
	<SubTexture name="Dad Sing Note LEFT0012" x="3425" y="30" width="691" height="677" frameX="-38" frameY="0" frameWidth="733" frameHeight="677"/>
	<SubTexture name="Dad Sing Note LEFT0013" x="3425" y="30" width="691" height="677" frameX="-38" frameY="0" frameWidth="733" frameHeight="677"/>
	<SubTexture name="Dad Sing Note LEFT0014" x="3425" y="30" width="691" height="677" frameX="-38" frameY="0" frameWidth="733" frameHeight="677"/>
	<SubTexture name="Dad Sing Note LEFT0015" x="3425" y="30" width="691" height="677" frameX="-38" frameY="0" frameWidth="733" frameHeight="677"/>
	<SubTexture name="Dad Sing Note RIGHT0000" x="4116" y="30" width="673" height="627" pivotX="45.25" pivotY="-106"/>
	<SubTexture name="Dad Sing Note RIGHT0001" x="4116" y="30" width="673" height="627"/>
	<SubTexture name="Dad Sing Note RIGHT0002" x="4789" y="30" width="640" height="627" frameX="-4" frameY="0" frameWidth="673" frameHeight="627"/>
	<SubTexture name="Dad Sing Note RIGHT0003" x="4789" y="30" width="640" height="627" frameX="-4" frameY="0" frameWidth="673" frameHeight="627"/>
	<SubTexture name="Dad Sing Note RIGHT0004" x="5429" y="30" width="640" height="627" frameX="-4" frameY="0" frameWidth="673" frameHeight="627"/>
	<SubTexture name="Dad Sing Note RIGHT0005" x="5429" y="30" width="640" height="627" frameX="-4" frameY="0" frameWidth="673" frameHeight="627"/>
	<SubTexture name="Dad Sing Note RIGHT0006" x="5429" y="30" width="640" height="627" frameX="-4" frameY="0" frameWidth="673" frameHeight="627"/>
	<SubTexture name="Dad Sing Note RIGHT0007" x="5429" y="30" width="640" height="627" frameX="-4" frameY="0" frameWidth="673" frameHeight="627"/>
	<SubTexture name="Dad Sing Note RIGHT0008" x="5429" y="30" width="640" height="627" frameX="-4" frameY="0" frameWidth="673" frameHeight="627"/>
	<SubTexture name="Dad Sing Note RIGHT0009" x="5429" y="30" width="640" height="627" frameX="-4" frameY="0" frameWidth="673" frameHeight="627"/>
	<SubTexture name="Dad Sing Note RIGHT0010" x="5429" y="30" width="640" height="627" frameX="-4" frameY="0" frameWidth="673" frameHeight="627"/>
	<SubTexture name="Dad Sing Note RIGHT0011" x="5429" y="30" width="640" height="627" frameX="-4" frameY="0" frameWidth="673" frameHeight="627"/>
	<SubTexture name="Dad Sing Note RIGHT0012" x="5429" y="30" width="640" height="627" frameX="-4" frameY="0" frameWidth="673" frameHeight="627"/>
	<SubTexture name="Dad Sing Note RIGHT0013" x="5429" y="30" width="640" height="627" frameX="-4" frameY="0" frameWidth="673" frameHeight="627"/>
	<SubTexture name="Dad Sing Note RIGHT0014" x="5429" y="30" width="640" height="627" frameX="-4" frameY="0" frameWidth="673" frameHeight="627"/>
	<SubTexture name="Dad Sing Note RIGHT0015" x="5429" y="30" width="640" height="627" frameX="-4" frameY="0" frameWidth="673" frameHeight="627"/>
	<SubTexture name="Dad Sing Note RIGHT0016" x="5429" y="30" width="640" height="627" frameX="-4" frameY="0" frameWidth="673" frameHeight="627"/>
	<SubTexture name="Dad Sing Note RIGHT0017" x="5429" y="30" width="640" height="627" frameX="-4" frameY="0" frameWidth="673" frameHeight="627"/>
	<SubTexture name="Dad Sing Note RIGHT0018" x="5429" y="30" width="640" height="627" frameX="-4" frameY="0" frameWidth="673" frameHeight="627"/>
	<SubTexture name="Dad Sing Note UP0000" x="6069" y="30" width="669" height="653" pivotX="458" pivotY="376.65"/>
	<SubTexture name="Dad Sing Note UP0001" x="6069" y="30" width="669" height="653"/>
	<SubTexture name="Dad Sing Note UP0002" x="6738" y="30" width="652" height="639" frameX="-17" frameY="-14" frameWidth="669" frameHeight="653"/>
	<SubTexture name="Dad Sing Note UP0003" x="6738" y="30" width="652" height="639" frameX="-17" frameY="-14" frameWidth="669" frameHeight="653"/>
	<SubTexture name="Dad Sing Note UP0004" x="7390" y="30" width="652" height="639" frameX="-17" frameY="-14" frameWidth="669" frameHeight="653"/>
	<SubTexture name="Dad Sing Note UP0005" x="7390" y="30" width="652" height="639" frameX="-17" frameY="-14" frameWidth="669" frameHeight="653"/>
	<SubTexture name="Dad Sing Note UP0006" x="7390" y="30" width="652" height="639" frameX="-17" frameY="-14" frameWidth="669" frameHeight="653"/>
	<SubTexture name="Dad Sing Note UP0007" x="7390" y="30" width="652" height="639" frameX="-17" frameY="-14" frameWidth="669" frameHeight="653"/>
	<SubTexture name="Dad Sing Note UP0008" x="7390" y="30" width="652" height="639" frameX="-17" frameY="-14" frameWidth="669" frameHeight="653"/>
	<SubTexture name="Dad Sing Note UP0009" x="7390" y="30" width="652" height="639" frameX="-17" frameY="-14" frameWidth="669" frameHeight="653"/>
	<SubTexture name="Dad Sing Note UP0010" x="7390" y="30" width="652" height="639" frameX="-17" frameY="-14" frameWidth="669" frameHeight="653"/>
	<SubTexture name="Dad Sing Note UP0011" x="7390" y="30" width="652" height="639" frameX="-17" frameY="-14" frameWidth="669" frameHeight="653"/>
	<SubTexture name="Dad Sing Note UP0012" x="7390" y="30" width="652" height="639" frameX="-17" frameY="-14" frameWidth="669" frameHeight="653"/>
	<SubTexture name="Dad Sing Note UP0013" x="7390" y="30" width="652" height="639" frameX="-17" frameY="-14" frameWidth="669" frameHeight="653"/>
	<SubTexture name="Dad Sing Note UP0014" x="7390" y="30" width="652" height="639" frameX="-17" frameY="-14" frameWidth="669" frameHeight="653"/>
	<SubTexture name="Dad Sing Note UP0015" x="7390" y="30" width="652" height="639" frameX="-17" frameY="-14" frameWidth="669" frameHeight="653"/>
	<SubTexture name="Dad Sing Note UP0016" x="7390" y="30" width="652" height="639" frameX="-17" frameY="-14" frameWidth="669" frameHeight="653"/>
	<SubTexture name="Dad Sing Note UP0017" x="7390" y="30" width="652" height="639" frameX="-17" frameY="-14" frameWidth="669" frameHeight="653"/>
	<SubTexture name="Dad Sing Note UP0018" x="7390" y="30" width="652" height="639" frameX="-17" frameY="-14" frameWidth="669" frameHeight="653"/>
	<SubTexture name="Dad Sing Note UP0019" x="7390" y="30" width="652" height="639" frameX="-17" frameY="-14" frameWidth="669" frameHeight="653"/>
	<SubTexture name="Dad Sing Note UP0020" x="7390" y="30" width="652" height="639" frameX="-17" frameY="-14" frameWidth="669" frameHeight="653"/>
	<SubTexture name="Dad Sing Note UP0021" x="7390" y="30" width="652" height="639" frameX="-17" frameY="-14" frameWidth="669" frameHeight="653"/>
	<SubTexture name="Dad Sing Note UP0022" x="7390" y="30" width="652" height="639" frameX="-17" frameY="-14" frameWidth="669" frameHeight="653"/>
	<SubTexture name="Dad Sing Note UP0023" x="7390" y="30" width="652" height="639" frameX="-17" frameY="-14" frameWidth="669" frameHeight="653"/>
	<SubTexture name="Dad Sing Note UP0024" x="7390" y="30" width="652" height="639" frameX="-17" frameY="-14" frameWidth="669" frameHeight="653"/>
	<SubTexture name="Dad Sing Note UP0025" x="7390" y="30" width="652" height="639" frameX="-17" frameY="-14" frameWidth="669" frameHeight="653"/>
	<SubTexture name="Dad Sing Note UP0026" x="7390" y="30" width="652" height="639" frameX="-17" frameY="-14" frameWidth="669" frameHeight="653"/>
	<SubTexture name="Dad Sing Note UP0027" x="7390" y="30" width="652" height="639" frameX="-17" frameY="-14" frameWidth="669" frameHeight="653"/>
	<SubTexture name="Dad Sing Note UP0028" x="7390" y="30" width="652" height="639" frameX="-17" frameY="-14" frameWidth="669" frameHeight="653"/>
	<SubTexture name="Dad Sing Note UP0029" x="7390" y="30" width="652" height="639" frameX="-17" frameY="-14" frameWidth="669" frameHeight="653"/>
	<SubTexture name="Dad Sing Note UP0030" x="7390" y="30" width="652" height="639" frameX="-17" frameY="-14" frameWidth="669" frameHeight="653"/>
	<SubTexture name="Dad Sing Note UP0031" x="7390" y="30" width="652" height="639" frameX="-17" frameY="-14" frameWidth="669" frameHeight="653"/>
	<SubTexture name="Dad Sing Note UP0032" x="7390" y="30" width="652" height="639" frameX="-17" frameY="-14" frameWidth="669" frameHeight="653"/>
	<SubTexture name="Dad Sing Note UP0033" x="7390" y="30" width="652" height="639" frameX="-17" frameY="-14" frameWidth="669" frameHeight="653"/>
	<SubTexture name="Dad Sing Note UP0034" x="7390" y="30" width="652" height="639" frameX="-17" frameY="-14" frameWidth="669" frameHeight="653"/>
	<SubTexture name="Dad Sing Note UP0035" x="7390" y="30" width="652" height="639" frameX="-17" frameY="-14" frameWidth="669" frameHeight="653"/>
	<SubTexture name="Dad Sing Note UP0036" x="7390" y="30" width="652" height="639" frameX="-17" frameY="-14" frameWidth="669" frameHeight="653"/>
	<SubTexture name="Dad Sing Note UP0037" x="7390" y="30" width="652" height="639" frameX="-17" frameY="-14" frameWidth="669" frameHeight="653"/>
	<SubTexture name="Dad Sing Note UP0038" x="7390" y="30" width="652" height="639" frameX="-17" frameY="-14" frameWidth="669" frameHeight="653"/>
	<SubTexture name="Dad Sing Note UP0039" x="7390" y="30" width="652" height="639" frameX="-17" frameY="-14" frameWidth="669" frameHeight="653"/>
	<SubTexture name="Dad Sing Note UP0040" x="7390" y="30" width="652" height="639" frameX="-17" frameY="-14" frameWidth="669" frameHeight="653"/>
	<SubTexture name="Dad Sing Note UP0041" x="7390" y="30" width="652" height="639" frameX="-17" frameY="-14" frameWidth="669" frameHeight="653"/>
	<SubTexture name="Dad Sing Note UP0042" x="7390" y="30" width="652" height="639" frameX="-17" frameY="-14" frameWidth="669" frameHeight="653"/>
	<SubTexture name="Dad Sing Note UP0043" x="7390" y="30" width="652" height="639" frameX="-17" frameY="-14" frameWidth="669" frameHeight="653"/>
	<SubTexture name="Dad Sing Note UP0044" x="7390" y="30" width="652" height="639" frameX="-17" frameY="-14" frameWidth="669" frameHeight="653"/>
	<SubTexture name="Dad Sing Note UP0045" x="7390" y="30" width="652" height="639" frameX="-17" frameY="-14" frameWidth="669" frameHeight="653"/>
	<SubTexture name="Dad Sing Note UP0046" x="7390" y="30" width="652" height="639" frameX="-17" frameY="-14" frameWidth="669" frameHeight="653"/>
	<SubTexture name="Dad Sing Note UP0047" x="7390" y="30" width="652" height="639" frameX="-17" frameY="-14" frameWidth="669" frameHeight="653"/>
	<SubTexture name="Dad Sing Note UP0048" x="7390" y="30" width="652" height="639" frameX="-17" frameY="-14" frameWidth="669" frameHeight="653"/>
	<SubTexture name="Dad Sing Note UP0049" x="7390" y="30" width="652" height="639" frameX="-17" frameY="-14" frameWidth="669" frameHeight="653"/>
	<SubTexture name="Dad Sing Note UP0050" x="7390" y="30" width="652" height="639" frameX="-17" frameY="-14" frameWidth="669" frameHeight="653"/>
	<SubTexture name="Dad Sing Note UP0051" x="7390" y="30" width="652" height="639" frameX="-17" frameY="-14" frameWidth="669" frameHeight="653"/>
	<SubTexture name="Dad Sing Note UP0052" x="7390" y="30" width="652" height="639" frameX="-17" frameY="-14" frameWidth="669" frameHeight="653"/>
	<SubTexture name="Dad Sing Note UP0053" x="7390" y="30" width="652" height="639" frameX="-17" frameY="-14" frameWidth="669" frameHeight="653"/>
	<SubTexture name="Dad Sing Note UP0054" x="7390" y="30" width="652" height="639" frameX="-17" frameY="-14" frameWidth="669" frameHeight="653"/>
	<SubTexture name="Dad Sing Note UP0055" x="7390" y="30" width="652" height="639" frameX="-17" frameY="-14" frameWidth="669" frameHeight="653"/>
	<SubTexture name="Dad Sing Note UP0056" x="7390" y="30" width="652" height="639" frameX="-17" frameY="-14" frameWidth="669" frameHeight="653"/>
	<SubTexture name="Dad Sing Note UP0057" x="7390" y="30" width="652" height="639" frameX="-17" frameY="-14" frameWidth="669" frameHeight="653"/>
	<SubTexture name="Dad Sing Note UP0058" x="7390" y="30" width="652" height="639" frameX="-17" frameY="-14" frameWidth="669" frameHeight="653"/>
	<SubTexture name="Dad Sing Note UP0059" x="7390" y="30" width="652" height="639" frameX="-17" frameY="-14" frameWidth="669" frameHeight="653"/>
	<SubTexture name="Dad idle dance0000" x="30" y="707" width="665" height="527" pivotX="452.9" pivotY="282.15" frameX="0" frameY="-1" frameWidth="665" frameHeight="528"/>
	<SubTexture name="Dad idle dance0001" x="30" y="707" width="665" height="527" frameX="0" frameY="-1" frameWidth="665" frameHeight="528"/>
	<SubTexture name="Dad idle dance0002" x="695" y="707" width="652" height="519" frameX="-9" frameY="-7" frameWidth="665" frameHeight="528"/>
	<SubTexture name="Dad idle dance0003" x="695" y="707" width="652" height="519" frameX="-9" frameY="-7" frameWidth="665" frameHeight="528"/>
	<SubTexture name="Dad idle dance0004" x="1347" y="707" width="629" height="523" frameX="-21" frameY="-4" frameWidth="665" frameHeight="528"/>
	<SubTexture name="Dad idle dance0005" x="1347" y="707" width="629" height="523" frameX="-21" frameY="-4" frameWidth="665" frameHeight="528"/>
	<SubTexture name="Dad idle dance0006" x="1976" y="707" width="607" height="527" frameX="-28" frameY="0" frameWidth="665" frameHeight="528"/>
	<SubTexture name="Dad idle dance0007" x="1976" y="707" width="607" height="527" frameX="-28" frameY="0" frameWidth="665" frameHeight="528"/>
	<SubTexture name="Dad idle dance0008" x="2583" y="707" width="585" height="526" frameX="-39" frameY="0" frameWidth="665" frameHeight="528"/>
	<SubTexture name="Dad idle dance0009" x="2583" y="707" width="585" height="526" frameX="-39" frameY="0" frameWidth="665" frameHeight="528"/>
	<SubTexture name="Dad idle dance0010" x="2583" y="707" width="585" height="526" frameX="-39" frameY="0" frameWidth="665" frameHeight="528"/>
	<SubTexture name="Dad idle dance0011" x="2583" y="707" width="585" height="526" frameX="-39" frameY="0" frameWidth="665" frameHeight="528"/>
	<SubTexture name="Dad idle dance0012" x="2583" y="707" width="585" height="526" frameX="-39" frameY="0" frameWidth="665" frameHeight="528"/>
	<SubTexture name="Dad idle dance0013" x="2583" y="707" width="585" height="526" frameX="-39" frameY="0" frameWidth="665" frameHeight="528"/>
	<SubTexture name="ROOSH0000" x="3168" y="707" width="613" height="422" pivotX="86.35" pivotY="175.8"/>
	<SubTexture name="calm idle0000" x="3781" y="707" width="429" height="522" pivotX="347.35" pivotY="290.15" frameX="0" frameY="-10" frameWidth="429" frameHeight="535"/>
	<SubTexture name="calm idle0001" x="3781" y="707" width="429" height="522" frameX="0" frameY="-10" frameWidth="429" frameHeight="535"/>
	<SubTexture name="calm idle0002" x="4210" y="707" width="422" height="535" frameX="-3" frameY="0" frameWidth="429" frameHeight="535"/>
	<SubTexture name="calm idle0003" x="4210" y="707" width="422" height="535" frameX="-3" frameY="0" frameWidth="429" frameHeight="535"/>
	<SubTexture name="calm idle0004" x="4632" y="707" width="410" height="527" frameX="-7" frameY="-8" frameWidth="429" frameHeight="535"/>
	<SubTexture name="calm idle0005" x="4632" y="707" width="410" height="527" frameX="-7" frameY="-8" frameWidth="429" frameHeight="535"/>
	<SubTexture name="calm idle0006" x="5042" y="707" width="405" height="532" frameX="-8" frameY="-2" frameWidth="429" frameHeight="535"/>
	<SubTexture name="calm idle0007" x="5042" y="707" width="405" height="532" frameX="-8" frameY="-2" frameWidth="429" frameHeight="535"/>
	<SubTexture name="calm idle0008" x="5447" y="707" width="402" height="532" frameX="-8" frameY="-2" frameWidth="429" frameHeight="535"/>
	<SubTexture name="calm idle0009" x="5447" y="707" width="402" height="532" frameX="-8" frameY="-2" frameWidth="429" frameHeight="535"/>
	<SubTexture name="calm idle0010" x="5447" y="707" width="402" height="532" frameX="-8" frameY="-2" frameWidth="429" frameHeight="535"/>
	<SubTexture name="calm idle0011" x="5447" y="707" width="402" height="532" frameX="-8" frameY="-2" frameWidth="429" frameHeight="535"/>
	<SubTexture name="calm idle0012" x="5447" y="707" width="402" height="532" frameX="-8" frameY="-2" frameWidth="429" frameHeight="535"/>
	<SubTexture name="calm idle0013" x="5447" y="707" width="402" height="532" frameX="-8" frameY="-2" frameWidth="429" frameHeight="535"/>
	<SubTexture name="down scream0000" x="5849" y="707" width="704" height="482" pivotX="71.75" pivotY="-137.05" frameX="0" frameY="-64" frameWidth="704" frameHeight="546"/>
	<SubTexture name="down scream0001" x="6553" y="707" width="669" height="488" frameX="-35" frameY="-58" frameWidth="704" frameHeight="546"/>
	<SubTexture name="down scream0002" x="7222" y="707" width="669" height="506" frameX="-13" frameY="-40" frameWidth="704" frameHeight="546"/>
	<SubTexture name="down scream0003" x="30" y="1242" width="663" height="546" frameX="-19" frameY="0" frameWidth="704" frameHeight="546"/>
	<SubTexture name="down scream0004" x="693" y="1242" width="660" height="496" frameX="-22" frameY="-50" frameWidth="704" frameHeight="546"/>
	<SubTexture name="down scream0005" x="1353" y="1242" width="655" height="496" frameX="-27" frameY="-50" frameWidth="704" frameHeight="546"/>
	<SubTexture name="down scream0006" x="2008" y="1242" width="649" height="496" frameX="-33" frameY="-50" frameWidth="704" frameHeight="546"/>
	<SubTexture name="down scream0007" x="2657" y="1242" width="639" height="496" frameX="-43" frameY="-50" frameWidth="704" frameHeight="546"/>
	<SubTexture name="down scream0008" x="3296" y="1242" width="638" height="496" frameX="-44" frameY="-50" frameWidth="704" frameHeight="546"/>
	<SubTexture name="down scream0009" x="3934" y="1242" width="638" height="496" frameX="-44" frameY="-50" frameWidth="704" frameHeight="546"/>
	<SubTexture name="down scream0010" x="3934" y="1242" width="638" height="496" frameX="-44" frameY="-50" frameWidth="704" frameHeight="546"/>
	<SubTexture name="down scream0011" x="3934" y="1242" width="638" height="496" frameX="-44" frameY="-50" frameWidth="704" frameHeight="546"/>
	<SubTexture name="down scream0012" x="3934" y="1242" width="638" height="496" frameX="-44" frameY="-50" frameWidth="704" frameHeight="546"/>
	<SubTexture name="down scream0013" x="3934" y="1242" width="638" height="496" frameX="-44" frameY="-50" frameWidth="704" frameHeight="546"/>
	<SubTexture name="down scream0014" x="3934" y="1242" width="638" height="496" frameX="-44" frameY="-50" frameWidth="704" frameHeight="546"/>
	<SubTexture name="down scream0015" x="3934" y="1242" width="638" height="496" frameX="-44" frameY="-50" frameWidth="704" frameHeight="546"/>
	<SubTexture name="left scream0000" x="4572" y="1242" width="568" height="576" pivotX="14.4" pivotY="-130.5" frameX="-7" frameY="-9" frameWidth="590" frameHeight="585"/>
	<SubTexture name="left scream0001" x="5140" y="1242" width="568" height="576" frameX="-7" frameY="-9" frameWidth="590" frameHeight="585"/>
	<SubTexture name="left scream0002" x="5708" y="1242" width="590" height="580" frameX="0" frameY="0" frameWidth="590" frameHeight="585"/>
	<SubTexture name="left scream0003" x="6298" y="1242" width="590" height="580" frameX="0" frameY="0" frameWidth="590" frameHeight="585"/>
	<SubTexture name="left scream0004" x="6888" y="1242" width="590" height="580" frameX="0" frameY="0" frameWidth="590" frameHeight="585"/>
	<SubTexture name="left scream0005" x="7478" y="1242" width="590" height="580" frameX="0" frameY="0" frameWidth="590" frameHeight="585"/>
	<SubTexture name="left scream0006" x="30" y="1822" width="590" height="580" frameX="0" frameY="0" frameWidth="590" frameHeight="585"/>
	<SubTexture name="left scream0007" x="620" y="1822" width="590" height="580" frameX="0" frameY="0" frameWidth="590" frameHeight="585"/>
	<SubTexture name="left scream0008" x="1210" y="1822" width="590" height="580" frameX="0" frameY="0" frameWidth="590" frameHeight="585"/>
	<SubTexture name="left scream0009" x="1800" y="1822" width="590" height="580" frameX="0" frameY="0" frameWidth="590" frameHeight="585"/>
	<SubTexture name="left scream0010" x="1800" y="1822" width="590" height="580" frameX="0" frameY="0" frameWidth="590" frameHeight="585"/>
	<SubTexture name="left scream0011" x="1800" y="1822" width="590" height="580" frameX="0" frameY="0" frameWidth="590" frameHeight="585"/>
	<SubTexture name="left scream0012" x="1800" y="1822" width="590" height="580" frameX="0" frameY="0" frameWidth="590" frameHeight="585"/>
	<SubTexture name="left scream0013" x="1800" y="1822" width="590" height="580" frameX="0" frameY="0" frameWidth="590" frameHeight="585"/>
	<SubTexture name="left scream0014" x="1800" y="1822" width="590" height="580" frameX="0" frameY="0" frameWidth="590" frameHeight="585"/>
	<SubTexture name="left scream0015" x="1800" y="1822" width="590" height="580" frameX="0" frameY="0" frameWidth="590" frameHeight="585"/>
	<SubTexture name="right scream0000" x="2390" y="1822" width="633" height="476" pivotX="-25.2" pivotY="-190" frameX="-12" frameY="-34" frameWidth="761" frameHeight="510"/>
	<SubTexture name="right scream0001" x="3023" y="1822" width="650" height="476" frameX="-12" frameY="-34" frameWidth="761" frameHeight="510"/>
	<SubTexture name="right scream0002" x="3673" y="1822" width="681" height="486" frameX="-4" frameY="-24" frameWidth="761" frameHeight="510"/>
	<SubTexture name="right scream0003" x="4354" y="1822" width="761" height="510"/>
	<SubTexture name="right scream0004" x="5115" y="1822" width="540" height="478" frameX="-4" frameY="-32" frameWidth="761" frameHeight="510"/>
	<SubTexture name="right scream0005" x="5655" y="1822" width="540" height="478" frameX="-4" frameY="-32" frameWidth="761" frameHeight="510"/>
	<SubTexture name="right scream0006" x="6195" y="1822" width="540" height="478" frameX="-4" frameY="-32" frameWidth="761" frameHeight="510"/>
	<SubTexture name="right scream0007" x="6735" y="1822" width="540" height="478" frameX="-4" frameY="-32" frameWidth="761" frameHeight="510"/>
	<SubTexture name="right scream0008" x="7275" y="1822" width="540" height="478" frameX="-4" frameY="-32" frameWidth="761" frameHeight="510"/>
	<SubTexture name="right scream0009" x="30" y="2402" width="540" height="478" frameX="-4" frameY="-32" frameWidth="761" frameHeight="510"/>
	<SubTexture name="right scream0010" x="30" y="2402" width="540" height="478" frameX="-4" frameY="-32" frameWidth="761" frameHeight="510"/>
	<SubTexture name="right scream0011" x="30" y="2402" width="540" height="478" frameX="-4" frameY="-32" frameWidth="761" frameHeight="510"/>
	<SubTexture name="right scream0012" x="30" y="2402" width="540" height="478" frameX="-4" frameY="-32" frameWidth="761" frameHeight="510"/>
	<SubTexture name="right scream0013" x="30" y="2402" width="540" height="478" frameX="-4" frameY="-32" frameWidth="761" frameHeight="510"/>
	<SubTexture name="right scream0014" x="30" y="2402" width="540" height="478" frameX="-4" frameY="-32" frameWidth="761" frameHeight="510"/>
	<SubTexture name="right scream0015" x="30" y="2402" width="540" height="478" frameX="-4" frameY="-32" frameWidth="761" frameHeight="510"/>
	<SubTexture name="right scream0016" x="30" y="2402" width="540" height="478" frameX="-4" frameY="-32" frameWidth="761" frameHeight="510"/>
	<SubTexture name="right scream0017" x="30" y="2402" width="540" height="478" frameX="-4" frameY="-32" frameWidth="761" frameHeight="510"/>
	<SubTexture name="right scream0018" x="30" y="2402" width="540" height="478" frameX="-4" frameY="-32" frameWidth="761" frameHeight="510"/>
	<SubTexture name="up scream0000" x="570" y="2402" width="564" height="587" pivotX="493.15" pivotY="339.3" frameX="-1" frameY="0" frameWidth="593" frameHeight="589"/>
	<SubTexture name="up scream0001" x="1134" y="2402" width="564" height="587" frameX="-1" frameY="0" frameWidth="593" frameHeight="589"/>
	<SubTexture name="up scream0002" x="1698" y="2402" width="579" height="586" frameX="0" frameY="-3" frameWidth="593" frameHeight="589"/>
	<SubTexture name="up scream0003" x="2277" y="2402" width="579" height="586" frameX="-14" frameY="-3" frameWidth="593" frameHeight="589"/>
	<SubTexture name="up scream0004" x="2856" y="2402" width="547" height="586" frameX="-14" frameY="-3" frameWidth="593" frameHeight="589"/>
	<SubTexture name="up scream0005" x="3403" y="2402" width="547" height="586" frameX="-14" frameY="-3" frameWidth="593" frameHeight="589"/>
	<SubTexture name="up scream0006" x="3950" y="2402" width="547" height="586" frameX="-14" frameY="-3" frameWidth="593" frameHeight="589"/>
	<SubTexture name="up scream0007" x="4497" y="2402" width="547" height="586" frameX="-14" frameY="-3" frameWidth="593" frameHeight="589"/>
	<SubTexture name="up scream0008" x="5044" y="2402" width="547" height="586" frameX="-14" frameY="-3" frameWidth="593" frameHeight="589"/>
	<SubTexture name="up scream0009" x="5591" y="2402" width="547" height="586" frameX="-14" frameY="-3" frameWidth="593" frameHeight="589"/>
	<SubTexture name="up scream0010" x="5591" y="2402" width="547" height="586" frameX="-14" frameY="-3" frameWidth="593" frameHeight="589"/>
	<SubTexture name="up scream0011" x="5591" y="2402" width="547" height="586" frameX="-14" frameY="-3" frameWidth="593" frameHeight="589"/>
	<SubTexture name="up scream0012" x="5591" y="2402" width="547" height="586" frameX="-14" frameY="-3" frameWidth="593" frameHeight="589"/>
	<SubTexture name="up scream0013" x="5591" y="2402" width="547" height="586" frameX="-14" frameY="-3" frameWidth="593" frameHeight="589"/>
	<SubTexture name="up scream0014" x="5591" y="2402" width="547" height="586" frameX="-14" frameY="-3" frameWidth="593" frameHeight="589"/>
	<SubTexture name="up scream0015" x="5591" y="2402" width="547" height="586" frameX="-14" frameY="-3" frameWidth="593" frameHeight="589"/>
	<SubTexture name="up scream0016" x="5591" y="2402" width="547" height="586" frameX="-14" frameY="-3" frameWidth="593" frameHeight="589"/>
	<SubTexture name="up scream0017" x="5591" y="2402" width="547" height="586" frameX="-14" frameY="-3" frameWidth="593" frameHeight="589"/>
	<SubTexture name="up scream0018" x="5591" y="2402" width="547" height="586" frameX="-14" frameY="-3" frameWidth="593" frameHeight="589"/>
	<SubTexture name="up scream0019" x="5591" y="2402" width="547" height="586" frameX="-14" frameY="-3" frameWidth="593" frameHeight="589"/>
	<SubTexture name="up scream0020" x="5591" y="2402" width="547" height="586" frameX="-14" frameY="-3" frameWidth="593" frameHeight="589"/>
	<SubTexture name="up scream0021" x="5591" y="2402" width="547" height="586" frameX="-14" frameY="-3" frameWidth="593" frameHeight="589"/>
	<SubTexture name="up scream0022" x="5591" y="2402" width="547" height="586" frameX="-14" frameY="-3" frameWidth="593" frameHeight="589"/>
	<SubTexture name="up scream0023" x="5591" y="2402" width="547" height="586" frameX="-14" frameY="-3" frameWidth="593" frameHeight="589"/>
	<SubTexture name="up scream0024" x="5591" y="2402" width="547" height="586" frameX="-14" frameY="-3" frameWidth="593" frameHeight="589"/>
	<SubTexture name="up scream0025" x="5591" y="2402" width="547" height="586" frameX="-14" frameY="-3" frameWidth="593" frameHeight="589"/>
	<SubTexture name="up scream0026" x="5591" y="2402" width="547" height="586" frameX="-14" frameY="-3" frameWidth="593" frameHeight="589"/>
	<SubTexture name="up scream0027" x="5591" y="2402" width="547" height="586" frameX="-14" frameY="-3" frameWidth="593" frameHeight="589"/>
	<SubTexture name="up scream0028" x="5591" y="2402" width="547" height="586" frameX="-14" frameY="-3" frameWidth="593" frameHeight="589"/>
	<SubTexture name="up scream0029" x="5591" y="2402" width="547" height="586" frameX="-14" frameY="-3" frameWidth="593" frameHeight="589"/>
	<SubTexture name="up scream0030" x="5591" y="2402" width="547" height="586" frameX="-14" frameY="-3" frameWidth="593" frameHeight="589"/>
	<SubTexture name="up scream0031" x="5591" y="2402" width="547" height="586" frameX="-14" frameY="-3" frameWidth="593" frameHeight="589"/>
	<SubTexture name="up scream0032" x="5591" y="2402" width="547" height="586" frameX="-14" frameY="-3" frameWidth="593" frameHeight="589"/>
	<SubTexture name="up scream0033" x="5591" y="2402" width="547" height="586" frameX="-14" frameY="-3" frameWidth="593" frameHeight="589"/>
	<SubTexture name="up scream0034" x="5591" y="2402" width="547" height="586" frameX="-14" frameY="-3" frameWidth="593" frameHeight="589"/>
	<SubTexture name="up scream0035" x="5591" y="2402" width="547" height="586" frameX="-14" frameY="-3" frameWidth="593" frameHeight="589"/>
	<SubTexture name="up scream0036" x="5591" y="2402" width="547" height="586" frameX="-14" frameY="-3" frameWidth="593" frameHeight="589"/>
	<SubTexture name="up scream0037" x="5591" y="2402" width="547" height="586" frameX="-14" frameY="-3" frameWidth="593" frameHeight="589"/>
	<SubTexture name="up scream0038" x="5591" y="2402" width="547" height="586" frameX="-14" frameY="-3" frameWidth="593" frameHeight="589"/>
	<SubTexture name="up scream0039" x="5591" y="2402" width="547" height="586" frameX="-14" frameY="-3" frameWidth="593" frameHeight="589"/>
	<SubTexture name="up scream0040" x="5591" y="2402" width="547" height="586" frameX="-14" frameY="-3" frameWidth="593" frameHeight="589"/>
	<SubTexture name="up scream0041" x="5591" y="2402" width="547" height="586" frameX="-14" frameY="-3" frameWidth="593" frameHeight="589"/>
	<SubTexture name="up scream0042" x="5591" y="2402" width="547" height="586" frameX="-14" frameY="-3" frameWidth="593" frameHeight="589"/>
	<SubTexture name="up scream0043" x="5591" y="2402" width="547" height="586" frameX="-14" frameY="-3" frameWidth="593" frameHeight="589"/>
	<SubTexture name="up scream0044" x="5591" y="2402" width="547" height="586" frameX="-14" frameY="-3" frameWidth="593" frameHeight="589"/>
	<SubTexture name="up scream0045" x="5591" y="2402" width="547" height="586" frameX="-14" frameY="-3" frameWidth="593" frameHeight="589"/>
	<SubTexture name="up scream0046" x="5591" y="2402" width="547" height="586" frameX="-14" frameY="-3" frameWidth="593" frameHeight="589"/>
	<SubTexture name="up scream0047" x="5591" y="2402" width="547" height="586" frameX="-14" frameY="-3" frameWidth="593" frameHeight="589"/>
	<SubTexture name="up scream0048" x="5591" y="2402" width="547" height="586" frameX="-14" frameY="-3" frameWidth="593" frameHeight="589"/>
	<SubTexture name="up scream0049" x="5591" y="2402" width="547" height="586" frameX="-14" frameY="-3" frameWidth="593" frameHeight="589"/>
	<SubTexture name="up scream0050" x="5591" y="2402" width="547" height="586" frameX="-14" frameY="-3" frameWidth="593" frameHeight="589"/>
	<SubTexture name="up scream0051" x="5591" y="2402" width="547" height="586" frameX="-14" frameY="-3" frameWidth="593" frameHeight="589"/>
	<SubTexture name="up scream0052" x="5591" y="2402" width="547" height="586" frameX="-14" frameY="-3" frameWidth="593" frameHeight="589"/>
	<SubTexture name="up scream0053" x="5591" y="2402" width="547" height="586" frameX="-14" frameY="-3" frameWidth="593" frameHeight="589"/>
	<SubTexture name="up scream0054" x="5591" y="2402" width="547" height="586" frameX="-14" frameY="-3" frameWidth="593" frameHeight="589"/>
	<SubTexture name="up scream0055" x="5591" y="2402" width="547" height="586" frameX="-14" frameY="-3" frameWidth="593" frameHeight="589"/>
	<SubTexture name="up scream0056" x="5591" y="2402" width="547" height="586" frameX="-14" frameY="-3" frameWidth="593" frameHeight="589"/>
	<SubTexture name="up scream0057" x="5591" y="2402" width="547" height="586" frameX="-14" frameY="-3" frameWidth="593" frameHeight="589"/>
	<SubTexture name="up scream0058" x="5591" y="2402" width="547" height="586" frameX="-14" frameY="-3" frameWidth="593" frameHeight="589"/>
	<SubTexture name="up scream0059" x="5591" y="2402" width="547" height="586" frameX="-14" frameY="-3" frameWidth="593" frameHeight="589"/>
</TextureAtlas>
