{
	"song": {
		"sectionLengths": [],
		"player1": "bf",
		"opponentHealth": 2,
		"player2": "haachama",
		"notes": [
			{
				"typeOfSection": 0,
				"sectionNotes": [],
				"lengthInSteps": 16,
				"altAnim": false,
				"bpm": 95,
				"changeBPM": false,
				"mustHitSection": true
			},
			{
				"typeOfSection": 0,
				"sectionNotes": [],
				"lengthInSteps": 16,
				"altAnim": false,
				"bpm": 95,
				"changeBPM": false,
				"mustHitSection": true
			},
			{
				"typeOfSection": 0,
				"sectionNotes": [],
				"lengthInSteps": 16,
				"altAnim": false,
				"bpm": 159,
				"changeBPM": false,
				"mustHitSection": true
			},
			{
				"typeOfSection": 0,
				"sectionNotes": [],
				"lengthInSteps": 16,
				"altAnim": false,
				"bpm": 159,
				"changeBPM": false,
				"mustHitSection": true
			},
			{
				"typeOfSection": 0,
				"sectionNotes": [
					[
						9679.48717948718,
						3,
						0
					],
					[
						9871.79487179487,
						1,
						0
					],
					[
						10000,
						2,
						0
					],
					[
						10128.2051282051,
						3,
						0
					],
					[
						8397.4358974359,
						2,
						0
					],
					[
						9230.76923076923,
						2,
						0
					],
					[
						8717.94871794872,
						2,
						0
					],
					[
						9487.17948717949,
						1,
						0
					],
					[
						8717.94871794872,
						0,
						0,
						"normal"
					]
				],
				"lengthInSteps": 16,
				"altAnim": false,
				"bpm": 159,
				"changeBPM": false,
				"mustHitSection": false
			},
			{
				"typeOfSection": 0,
				"sectionNotes": [
					[
						10448.7179487179,
						2,
						0
					],
					[
						11282.0512820513,
						2,
						0
					],
					[
						10769.2307692308,
						2,
						0
					],
					[
						11730.7692307692,
						1,
						0
					],
					[
						11923.0769230769,
						2,
						0
					],
					[
						12051.2820512821,
						3,
						0
					],
					[
						11538.4615384615,
						3,
						0
					],
					[
						12179.4871794872,
						1,
						0
					],
					[
						10769.2307692308,
						0,
						0,
						"normal"
					]
				],
				"lengthInSteps": 16,
				"altAnim": false,
				"bpm": 159,
				"changeBPM": false,
				"mustHitSection": true
			},
			{
				"typeOfSection": 0,
				"sectionNotes": [
					[
						12500,
						2,
						0
					],
					[
						13333.3333333333,
						2,
						0
					],
					[
						12820.5128205128,
						2,
						0
					],
					[
						13782.0512820513,
						1,
						0
					],
					[
						13974.358974359,
						2,
						0
					],
					[
						14102.5641025641,
						3,
						0
					],
					[
						13589.7435897436,
						3,
						0
					],
					[
						14230.7692307692,
						1,
						0
					],
					[
						12820.5128205128,
						0,
						0,
						"normal"
					]
				],
				"lengthInSteps": 16,
				"altAnim": false,
				"bpm": 159,
				"changeBPM": false,
				"mustHitSection": false
			},
			{
				"typeOfSection": 0,
				"sectionNotes": [
					[
						14358.9743589744,
						2,
						0
					],
					[
						14615.3846153846,
						1,
						0
					],
					[
						14871.7948717949,
						2,
						0
					],
					[
						15064.1025641026,
						1,
						0
					],
					[
						15320.5128205128,
						3,
						330.188679245283
					],
					[
						15833.3333333333,
						3,
						0
					],
					[
						16089.7435897436,
						0,
						0
					],
					[
						16153.8461538462,
						1,
						0
					],
					[
						16346.1538461538,
						2,
						0
					]
				],
				"lengthInSteps": 16,
				"altAnim": false,
				"bpm": 159,
				"changeBPM": false,
				"mustHitSection": true
			},
			{
				"typeOfSection": 0,
				"sectionNotes": [
					[
						16410.2564102564,
						7,
						384.615384615385
					],
					[
						16410.2564102564,
						2,
						256.410256410256
					],
					[
						17179.4871794872,
						3,
						0
					],
					[
						16858.9743589744,
						1,
						209.240445089502
					],
					[
						17435.8974358974,
						2,
						0
					],
					[
						17564.1025641026,
						1,
						0
					],
					[
						18269.2307692308,
						2,
						0
					],
					[
						17884.6153846154,
						3,
						256.410256410256
					],
					[
						17692.3076923077,
						2,
						0
					],
					[
						16410.2564102564,
						0,
						256.410256410256,
						"haato",
						false
					],
					[
						17435.8974358974,
						0,
						0,
						"haato",
						false
					],
					[
						16410.2564102564,
						4,
						384.615384615385,
						"haato",
						false
					]
				],
				"lengthInSteps": 16,
				"altAnim": false,
				"bpm": 159,
				"changeBPM": false,
				"mustHitSection": false
			},
			{
				"typeOfSection": 0,
				"sectionNotes": [
					[
						18717.9487179487,
						1,
						0
					],
					[
						18974.358974359,
						1,
						0
					],
					[
						19166.6666666667,
						1,
						0
					],
					[
						19423.0769230769,
						2,
						195.936139332366
					],
					[
						19743.5897435897,
						3,
						0
					],
					[
						20000,
						0,
						0
					],
					[
						20256.4102564103,
						2,
						128.205128205128
					],
					[
						18974.358974359,
						3,
						0,
						"normal"
					]
				],
				"lengthInSteps": 16,
				"altAnim": false,
				"bpm": 159,
				"changeBPM": false,
				"mustHitSection": false
			},
			{
				"typeOfSection": 0,
				"sectionNotes": [
					[
						20512.8205128205,
						2,
						256.410256410256
					],
					[
						21282.0512820513,
						3,
						0
					],
					[
						20961.5384615385,
						1,
						209.240445089502
					],
					[
						21538.4615384615,
						2,
						0
					],
					[
						21666.6666666667,
						1,
						0
					],
					[
						21987.1794871795,
						3,
						256.410256410256
					],
					[
						21794.8717948718,
						2,
						0
					],
					[
						22371.7948717949,
						0,
						0
					],
					[
						20512.8205128205,
						3,
						256.410256410256,
						"haato",
						false
					],
					[
						21794.8717948718,
						0,
						0,
						"haato",
						false
					]
				],
				"lengthInSteps": 16,
				"altAnim": false,
				"bpm": 159,
				"changeBPM": false,
				"mustHitSection": true
			},
			{
				"typeOfSection": 0,
				"sectionNotes": [
					[
						23525.641025641,
						2,
						195.936139332366
					],
					[
						24102.5641025641,
						0,
						0
					],
					[
						22820.5128205128,
						2,
						0
					],
					[
						23076.9230769231,
						2,
						0
					],
					[
						23269.2307692308,
						2,
						0
					],
					[
						23846.1538461538,
						1,
						0
					],
					[
						24358.9743589744,
						1,
						128.205128205128
					],
					[
						23846.1538461538,
						3,
						0,
						"normal"
					]
				],
				"lengthInSteps": 16,
				"altAnim": false,
				"bpm": 159,
				"changeBPM": false,
				"mustHitSection": true
			},
			{
				"typeOfSection": 0,
				"sectionNotes": [
					[
						24615.3846153846,
						7,
						384.615384615385
					],
					[
						25384.6153846154,
						3,
						0
					],
					[
						25064.1025641026,
						1,
						209.240445089502
					],
					[
						25641.0256410256,
						2,
						0
					],
					[
						25769.2307692308,
						1,
						0
					],
					[
						26474.358974359,
						2,
						0
					],
					[
						26089.7435897436,
						3,
						256.410256410256
					],
					[
						25897.4358974359,
						2,
						0
					],
					[
						24615.3846153846,
						6,
						384.615384615385,
						"haato",
						false
					],
					[
						24615.3846153846,
						2,
						256.410256410256,
						"normal",
						false
					],
					[
						25897.4358974359,
						0,
						0,
						"haato",
						false
					]
				],
				"lengthInSteps": 16,
				"altAnim": false,
				"bpm": 159,
				"changeBPM": false,
				"mustHitSection": false
			},
			{
				"typeOfSection": 0,
				"sectionNotes": [
					[
						27628.2051282051,
						2,
						195.936139332366
					],
					[
						28205.1282051282,
						0,
						0
					],
					[
						27948.7179487179,
						1,
						0
					],
					[
						26923.0769230769,
						1,
						0
					],
					[
						27179.4871794872,
						1,
						0
					],
					[
						27371.7948717949,
						1,
						0
					],
					[
						28461.5384615385,
						3,
						128.205128205128
					],
					[
						27179.4871794872,
						3,
						0,
						"normal"
					]
				],
				"lengthInSteps": 16,
				"altAnim": false,
				"bpm": 159,
				"changeBPM": false,
				"mustHitSection": false
			},
			{
				"typeOfSection": 0,
				"sectionNotes": [
					[
						28717.9487179487,
						2,
						0
					],
					[
						28910.2564102564,
						3,
						0
					],
					[
						29038.4615384615,
						2,
						0
					],
					[
						29166.6666666667,
						1,
						0
					],
					[
						29358.9743589744,
						3,
						0
					],
					[
						29487.1794871795,
						0,
						256.410256410256
					],
					[
						29871.7948717949,
						3,
						0
					],
					[
						30000,
						1,
						128.205128205128
					],
					[
						30256.4102564103,
						2,
						128.205128205128
					],
					[
						30512.8205128205,
						2,
						128.205128205128
					],
					[
						29230.7692307692,
						0,
						0,
						"haato",
						false
					],
					[
						30256.4102564103,
						0,
						128.205128205128,
						"haato",
						false
					],
					[
						30512.8205128205,
						0,
						128.205128205128,
						"haato",
						false
					]
				],
				"lengthInSteps": 16,
				"altAnim": false,
				"bpm": 159,
				"changeBPM": false,
				"mustHitSection": true
			},
			{
				"typeOfSection": 0,
				"sectionNotes": [
					[
						30769.2307692308,
						1,
						0
					],
					[
						31025.641025641,
						2,
						0
					],
					[
						31410.2564102564,
						2,
						0
					],
					[
						31282.0512820513,
						3,
						0
					],
					[
						31666.6666666667,
						2,
						256.410256410256
					],
					[
						31538.4615384615,
						1,
						0,
						"haato",
						false
					],
					[
						31666.6666666667,
						0,
						256.410256410256,
						"haato",
						false
					]
				],
				"lengthInSteps": 16,
				"altAnim": false,
				"bpm": 159,
				"changeBPM": false,
				"mustHitSection": true
			},
			{
				"typeOfSection": 0,
				"sectionNotes": [
					[
						32820.5128205128,
						3,
						0
					],
					[
						33012.8205128205,
						2,
						0
					],
					[
						33269.2307692308,
						2,
						0
					],
					[
						33525.641025641,
						2,
						0
					],
					[
						33782.0512820513,
						2,
						0
					],
					[
						34038.4615384615,
						2,
						0
					],
					[
						34294.8717948718,
						2,
						0
					],
					[
						34551.2820512821,
						2,
						0
					],
					[
						34807.6923076923,
						2,
						0
					],
					[
						33076.9230769231,
						1,
						0,
						"haato",
						false
					],
					[
						33333.3333333333,
						1,
						0,
						"haato",
						false
					],
					[
						33589.7435897436,
						1,
						0,
						"haato",
						false
					],
					[
						33846.1538461538,
						1,
						0,
						"haato",
						false
					],
					[
						34102.5641025641,
						1,
						0,
						"haato",
						false
					],
					[
						34358.9743589744,
						1,
						0,
						"haato",
						false
					],
					[
						34615.3846153846,
						1,
						0,
						"haato",
						false
					]
				],
				"lengthInSteps": 16,
				"altAnim": false,
				"bpm": 159,
				"changeBPM": false,
				"mustHitSection": false
			},
			{
				"typeOfSection": 0,
				"sectionNotes": [
					[
						34871.7948717949,
						0,
						0
					],
					[
						35641.0256410256,
						2,
						0
					],
					[
						35897.4358974359,
						2,
						0
					],
					[
						35576.9230769231,
						1,
						0
					],
					[
						36346.1538461539,
						1,
						0
					],
					[
						35064.1025641026,
						2,
						0
					],
					[
						35128.2051282051,
						1,
						0
					],
					[
						35320.5128205128,
						0,
						0
					],
					[
						35384.6153846154,
						1,
						0
					],
					[
						36410.2564102564,
						2,
						128.205128205128
					],
					[
						36666.6666666667,
						3,
						0
					],
					[
						35833.3333333333,
						3,
						0
					],
					[
						36089.7435897436,
						0,
						0
					],
					[
						36153.8461538462,
						1,
						0
					],
					[
						36852.5641025641,
						0,
						0
					],
					[
						36153.8461538462,
						4,
						0,
						"normal"
					],
					[
						36666.6666666667,
						4,
						0,
						"normal"
					],
					[
						34871.7948717949,
						3,
						0,
						"haato",
						false
					],
					[
						35384.6153846154,
						3,
						0,
						"haato",
						false
					],
					[
						35769.2307692308,
						0,
						0,
						"haato",
						false
					],
					[
						36153.8461538462,
						3,
						0,
						"haato",
						false
					],
					[
						36410.2564102564,
						0,
						128.205128205128,
						"haato",
						false
					]
				],
				"lengthInSteps": 16,
				"altAnim": false,
				"bpm": 159,
				"changeBPM": false,
				"mustHitSection": true
			},
			{
				"typeOfSection": 0,
				"sectionNotes": [
					[
						37115.3846153846,
						3,
						0
					],
					[
						36923.0769230769,
						2,
						0
					],
					[
						37371.7948717949,
						3,
						0
					],
					[
						37628.2051282051,
						3,
						0
					],
					[
						37884.6153846154,
						3,
						0
					],
					[
						38141.0256410256,
						3,
						0
					],
					[
						38397.4358974359,
						3,
						0
					],
					[
						38653.8461538462,
						3,
						0
					],
					[
						38910.2564102564,
						3,
						0
					],
					[
						36923.0769230769,
						5,
						256.410256410256
					],
					[
						37179.4871794872,
						0,
						0,
						"haato",
						false
					],
					[
						37435.8974358974,
						0,
						0,
						"haato",
						false
					],
					[
						37692.3076923077,
						0,
						0,
						"haato",
						false
					],
					[
						37948.717948718,
						0,
						0,
						"haato",
						false
					],
					[
						38205.1282051282,
						0,
						0,
						"haato",
						false
					],
					[
						38461.5384615385,
						0,
						0,
						"haato",
						false
					],
					[
						38717.9487179487,
						0,
						0,
						"haato",
						false
					]
				],
				"lengthInSteps": 16,
				"altAnim": false,
				"bpm": 159,
				"changeBPM": false,
				"mustHitSection": false
			},
			{
				"typeOfSection": 0,
				"sectionNotes": [
					[
						38974.358974359,
						3,
						0
					],
					[
						39743.5897435897,
						1,
						0
					],
					[
						40000,
						1,
						0
					],
					[
						39679.4871794872,
						2,
						0
					],
					[
						40448.717948718,
						2,
						0
					],
					[
						40961.5384615385,
						2,
						0
					],
					[
						39166.6666666667,
						1,
						0
					],
					[
						39230.7692307692,
						2,
						0
					],
					[
						39423.0769230769,
						3,
						0
					],
					[
						39487.1794871795,
						2,
						0
					],
					[
						39935.8974358974,
						0,
						0
					],
					[
						40192.3076923077,
						3,
						0
					],
					[
						40256.4102564103,
						2,
						0
					],
					[
						40512.8205128205,
						0,
						128.205128205128
					],
					[
						40769.2307692308,
						1,
						0
					],
					[
						39230.7692307692,
						0,
						0,
						"haato",
						false
					],
					[
						39487.1794871795,
						1,
						0,
						"haato",
						false
					],
					[
						40000,
						2,
						0,
						"haato",
						false
					],
					[
						40512.8205128205,
						3,
						128.205128205128,
						"haato",
						false
					]
				],
				"lengthInSteps": 16,
				"altAnim": false,
				"bpm": 159,
				"changeBPM": false,
				"mustHitSection": true
			},
			{
				"typeOfSection": 0,
				"sectionNotes": [
					[
						41025.641025641,
						5,
						384.615384615385
					],
					[
						41025.641025641,
						2,
						0
					],
					[
						41282.0512820513,
						1,
						0
					],
					[
						41538.4615384616,
						3,
						0
					],
					[
						41794.8717948718,
						0,
						0
					],
					[
						42051.2820512821,
						2,
						0
					],
					[
						42307.6923076923,
						1,
						0
					],
					[
						42500,
						2,
						128.205128205128
					],
					[
						42756.4102564103,
						1,
						0
					],
					[
						42820.5128205128,
						3,
						0
					],
					[
						41025.641025641,
						4,
						384.615384615385,
						"haato",
						false
					],
					[
						41282.0512820513,
						3,
						0,
						"haato",
						false
					],
					[
						41794.8717948718,
						2,
						0,
						"haato",
						false
					]
				],
				"lengthInSteps": 16,
				"altAnim": false,
				"bpm": 159,
				"changeBPM": false,
				"mustHitSection": false
			},
			{
				"typeOfSection": 0,
				"sectionNotes": [
					[
						44551.2820512821,
						2,
						128.205128205128
					],
					[
						44807.6923076923,
						1,
						0
					],
					[
						44871.7948717949,
						3,
						0
					],
					[
						43076.9230769231,
						3,
						0
					],
					[
						43846.1538461539,
						2,
						0
					],
					[
						43589.7435897436,
						1,
						0
					],
					[
						43333.3333333334,
						0,
						0
					],
					[
						44102.5641025641,
						0,
						0
					],
					[
						44358.9743589744,
						3,
						0
					],
					[
						43333.3333333334,
						2,
						0,
						"haato",
						false
					],
					[
						44102.5641025641,
						2,
						0,
						"haato",
						false
					],
					[
						45000,
						0,
						0,
						"haato",
						false
					]
				],
				"lengthInSteps": 16,
				"altAnim": false,
				"bpm": 159,
				"changeBPM": false,
				"mustHitSection": true
			},
			{
				"typeOfSection": 0,
				"sectionNotes": [
					[
						45128.2051282051,
						2,
						0
					],
					[
						45384.6153846154,
						1,
						0
					],
					[
						45641.0256410257,
						3,
						0
					],
					[
						45897.4358974359,
						0,
						0
					],
					[
						46153.8461538462,
						2,
						0
					],
					[
						46410.2564102564,
						1,
						0
					],
					[
						46602.5641025641,
						2,
						128.205128205128
					],
					[
						46858.9743589744,
						1,
						0
					],
					[
						46923.0769230769,
						3,
						0
					],
					[
						45576.9230769231,
						2,
						0
					],
					[
						45833.3333333334,
						1,
						0
					],
					[
						46089.7435897436,
						3,
						0
					],
					[
						45320.5128205128,
						0,
						0
					],
					[
						45641.0256410257,
						0,
						0,
						"haato",
						false
					],
					[
						46153.8461538462,
						0,
						0,
						"haato",
						false
					],
					[
						46410.2564102564,
						3,
						0,
						"haato",
						false
					],
					[
						46923.0769230769,
						0,
						0,
						"haato",
						false
					]
				],
				"lengthInSteps": 16,
				"altAnim": false,
				"bpm": 159,
				"changeBPM": false,
				"mustHitSection": false
			},
			{
				"typeOfSection": 0,
				"sectionNotes": [
					[
						47179.4871794872,
						2,
						0
					],
					[
						47435.8974358975,
						1,
						0
					],
					[
						47692.3076923077,
						3,
						0
					],
					[
						47948.717948718,
						0,
						0
					],
					[
						48205.1282051282,
						2,
						0
					],
					[
						48461.5384615385,
						1,
						0
					],
					[
						48653.8461538462,
						2,
						128.205128205128
					],
					[
						48910.2564102564,
						1,
						0
					],
					[
						48974.358974359,
						3,
						0
					],
					[
						47884.6153846154,
						1,
						0
					],
					[
						47371.7948717949,
						0,
						0
					],
					[
						49166.6666666667,
						0,
						0
					],
					[
						47564.1025641026,
						2,
						0,
						"haato",
						false
					],
					[
						48205.1282051282,
						1,
						0,
						"haato",
						false
					],
					[
						48461.5384615385,
						3,
						0,
						"haato",
						false
					]
				],
				"lengthInSteps": 16,
				"altAnim": false,
				"bpm": 159,
				"changeBPM": false,
				"mustHitSection": true
			},
			{
				"typeOfSection": 0,
				"sectionNotes": [
					[
						49230.7692307693,
						2,
						256.410256410256
					],
					[
						49679.4871794872,
						3,
						0
					],
					[
						50000,
						2,
						0
					],
					[
						50256.4102564103,
						0,
						256.410256410256
					],
					[
						50705.1282051282,
						2,
						0
					],
					[
						51025.6410256411,
						1,
						0
					],
					[
						49230.7692307693,
						0,
						256.410256410256,
						"haato",
						false
					],
					[
						50256.4102564103,
						3,
						256.410256410256,
						"haato",
						false
					]
				],
				"lengthInSteps": 16,
				"altAnim": false,
				"bpm": 159,
				"changeBPM": false,
				"mustHitSection": false
			},
			{
				"typeOfSection": 0,
				"sectionNotes": [
					[
						51282.0512820513,
						2,
						256.410256410256
					],
					[
						51730.7692307693,
						3,
						0
					],
					[
						52051.2820512821,
						1,
						0
					],
					[
						52307.6923076923,
						2,
						256.410256410256
					],
					[
						52820.5128205128,
						0,
						256.410256410256
					],
					[
						51730.7692307693,
						1,
						0,
						"haato",
						false
					],
					[
						52051.2820512821,
						3,
						0,
						"haato",
						false
					],
					[
						52307.6923076923,
						0,
						256.410256410256,
						"haato",
						false
					],
					[
						52820.5128205128,
						1,
						256.410256410256,
						"haato",
						false
					]
				],
				"lengthInSteps": 16,
				"altAnim": false,
				"bpm": 159,
				"changeBPM": false,
				"mustHitSection": false
			},
			{
				"typeOfSection": 0,
				"sectionNotes": [
					[
						53333.3333333334,
						2,
						256.410256410256
					],
					[
						53782.0512820513,
						3,
						0
					],
					[
						54102.5641025641,
						1,
						0
					],
					[
						54358.9743589744,
						2,
						128.205128205128
					],
					[
						54615.3846153846,
						1,
						0
					],
					[
						54871.7948717949,
						0,
						0
					],
					[
						55064.1025641026,
						3,
						0
					],
					[
						55320.5128205128,
						1,
						192.307692307692
					],
					[
						53782.0512820513,
						0,
						0,
						"haato",
						false
					],
					[
						54102.5641025641,
						2,
						0,
						"haato",
						false
					],
					[
						55000,
						1,
						0,
						"haato",
						false
					]
				],
				"lengthInSteps": 16,
				"altAnim": false,
				"bpm": 159,
				"changeBPM": false,
				"mustHitSection": true
			},
			{
				"typeOfSection": 0,
				"sectionNotes": [
					[
						55641.0256410257,
						2,
						0
					],
					[
						55897.4358974359,
						1,
						0
					],
					[
						56089.7435897436,
						3,
						0
					],
					[
						56346.1538461539,
						2,
						192.307692307692
					],
					[
						56666.6666666667,
						1,
						0
					],
					[
						56923.076923077,
						1,
						0
					],
					[
						57179.4871794872,
						2,
						0
					],
					[
						56025.6410256411,
						2,
						0,
						"haato",
						false
					],
					[
						56666.6666666667,
						3,
						0,
						"haato",
						false
					],
					[
						56923.076923077,
						3,
						0,
						"haato",
						false
					]
				],
				"lengthInSteps": 16,
				"altAnim": false,
				"bpm": 159,
				"changeBPM": false,
				"mustHitSection": true
			},
			{
				"typeOfSection": 0,
				"sectionNotes": [
					[
						58141.0256410257,
						1,
						0
					],
					[
						58397.4358974359,
						2,
						192.307692307692
					],
					[
						57692.3076923077,
						3,
						0
					],
					[
						57948.717948718,
						3,
						0
					],
					[
						58717.9487179488,
						3,
						0
					],
					[
						58974.358974359,
						1,
						0
					],
					[
						59423.076923077,
						2,
						256.410256410256
					],
					[
						59166.6666666667,
						0,
						0
					],
					[
						57692.3076923077,
						2,
						0,
						"normal"
					],
					[
						57948.717948718,
						2,
						0,
						"normal"
					],
					[
						57692.3076923077,
						0,
						0,
						"haato",
						false
					],
					[
						57948.717948718,
						0,
						0,
						"haato",
						false
					]
				],
				"lengthInSteps": 16,
				"altAnim": false,
				"bpm": 159,
				"changeBPM": false,
				"mustHitSection": false
			},
			{
				"typeOfSection": 0,
				"sectionNotes": [
					[
						59743.5897435898,
						1,
						0
					],
					[
						60000,
						2,
						0
					],
					[
						60192.3076923077,
						3,
						641.025641025641
					],
					[
						60961.5384615385,
						1,
						384.615384615385
					]
				],
				"lengthInSteps": 16,
				"altAnim": false,
				"bpm": 159,
				"changeBPM": false,
				"mustHitSection": false
			},
			{
				"typeOfSection": 0,
				"sectionNotes": [
					[
						61538.4615384616,
						1,
						0
					],
					[
						61794.8717948718,
						0,
						0
					],
					[
						62051.2820512821,
						3,
						0
					],
					[
						62243.5897435898,
						0,
						0
					],
					[
						62500,
						2,
						192.307692307692
					],
					[
						62820.5128205129,
						1,
						0
					],
					[
						63076.9230769231,
						3,
						256.410256410256
					],
					[
						61923.076923077,
						2,
						0,
						"haato",
						false
					],
					[
						62948.717948718,
						2,
						0,
						"haato",
						false
					],
					[
						63076.9230769231,
						0,
						256.410256410256,
						"haato",
						false
					]
				],
				"lengthInSteps": 16,
				"altAnim": false,
				"bpm": 159,
				"changeBPM": false,
				"mustHitSection": true
			},
			{
				"typeOfSection": 0,
				"sectionNotes": [
					[
						63589.7435897436,
						2,
						0
					],
					[
						63589.7435897436,
						6,
						0
					],
					[
						64038.4615384616,
						5,
						0
					],
					[
						64038.4615384616,
						1,
						0
					],
					[
						64358.9743589744,
						4,
						0
					],
					[
						64358.9743589744,
						3,
						0
					],
					[
						64615.3846153847,
						6,
						320.512820512821
					],
					[
						64615.3846153847,
						2,
						320.51282051282
					],
					[
						65128.2051282052,
						5,
						0
					],
					[
						65128.2051282052,
						1,
						0
					],
					[
						65384.6153846154,
						4,
						0
					],
					[
						65384.6153846154,
						3,
						0
					],
					[
						64230.7692307693,
						0,
						0,
						"haato",
						false
					]
				],
				"lengthInSteps": 16,
				"altAnim": false,
				"bpm": 159,
				"changeBPM": false,
				"mustHitSection": true
			},
			{
				"typeOfSection": 0,
				"sectionNotes": [
					[
						65641.0256410257,
						6,
						256.410256410256
					],
					[
						65641.0256410257,
						2,
						256.410256410256,
						"normal"
					]
				],
				"lengthInSteps": 16,
				"altAnim": false,
				"bpm": 159,
				"changeBPM": false,
				"mustHitSection": false
			},
			{
				"typeOfSection": 0,
				"sectionNotes": [],
				"lengthInSteps": 16,
				"altAnim": false,
				"bpm": 159,
				"changeBPM": false,
				"mustHitSection": true
			},
			{
				"typeOfSection": 0,
				"sectionNotes": [],
				"lengthInSteps": 16,
				"altAnim": false,
				"bpm": 159,
				"changeBPM": false,
				"mustHitSection": true
			},
			{
				"typeOfSection": 0,
				"sectionNotes": [],
				"lengthInSteps": 16,
				"altAnim": false,
				"bpm": 159,
				"changeBPM": false,
				"mustHitSection": true
			},
			{
				"typeOfSection": 0,
				"sectionNotes": [
					[
						75320.5128205128,
						3,
						0
					],
					[
						75512.8205128205,
						1,
						0
					],
					[
						75641.0256410256,
						2,
						0
					],
					[
						75769.2307692307,
						3,
						0
					],
					[
						74038.4615384615,
						2,
						0
					],
					[
						74871.7948717949,
						2,
						0
					],
					[
						74358.9743589744,
						2,
						0
					],
					[
						75128.2051282051,
						1,
						0
					],
					[
						74358.9743589744,
						0,
						0,
						"normal"
					]
				],
				"lengthInSteps": 16,
				"altAnim": false,
				"bpm": 159,
				"changeBPM": false,
				"mustHitSection": false
			},
			{
				"typeOfSection": 0,
				"sectionNotes": [
					[
						76089,
						2,
						0
					],
					[
						76923,
						2,
						0
					],
					[
						76410,
						2,
						0
					],
					[
						77371,
						1,
						0
					],
					[
						77564,
						2,
						0
					],
					[
						77692,
						3,
						0
					],
					[
						77179,
						3,
						0
					],
					[
						77820,
						1,
						0
					],
					[
						76410.2564102564,
						0,
						0,
						"normal"
					]
				],
				"lengthInSteps": 16,
				"altAnim": false,
				"bpm": 159,
				"changeBPM": false,
				"mustHitSection": true
			},
			{
				"typeOfSection": 0,
				"sectionNotes": [
					[
						78141.0256410256,
						2,
						0
					],
					[
						78974.3589743589,
						2,
						0
					],
					[
						78461.5384615384,
						2,
						0
					],
					[
						79423.0769230769,
						1,
						0
					],
					[
						79615.3846153846,
						2,
						0
					],
					[
						79743.5897435897,
						3,
						0
					],
					[
						79230.7692307692,
						3,
						0
					],
					[
						79871.7948717948,
						1,
						0
					],
					[
						78461.5384615385,
						0,
						0,
						"normal"
					],
					[
						79615.3846153846,
						0,
						0,
						"haato",
						false
					]
				],
				"lengthInSteps": 16,
				"altAnim": false,
				"bpm": 159,
				"changeBPM": false,
				"mustHitSection": false
			},
			{
				"typeOfSection": 0,
				"sectionNotes": [
					[
						80000,
						2,
						0
					],
					[
						80256.4102564102,
						1,
						0
					],
					[
						80512.8205128205,
						2,
						0
					],
					[
						80705.1282051282,
						1,
						0
					],
					[
						80961.5384615384,
						3,
						330.188679245283
					],
					[
						81474.3589743589,
						3,
						0
					],
					[
						81730.7692307692,
						0,
						0
					],
					[
						81794.8717948718,
						1,
						0
					],
					[
						81987.1794871794,
						2,
						0
					],
					[
						80512.8205128205,
						3,
						0,
						"haato",
						false
					]
				],
				"lengthInSteps": 16,
				"altAnim": false,
				"bpm": 159,
				"changeBPM": false,
				"mustHitSection": true
			},
			{
				"typeOfSection": 0,
				"sectionNotes": [
					[
						82051.282051282,
						3,
						0
					],
					[
						82243.5897435897,
						2,
						0
					],
					[
						82500,
						2,
						0
					],
					[
						82756.4102564102,
						2,
						0
					],
					[
						83012.8205128205,
						2,
						0
					],
					[
						83269.2307692307,
						2,
						0
					],
					[
						83525.641025641,
						2,
						0
					],
					[
						83782.0512820513,
						2,
						0
					],
					[
						84038.4615384615,
						2,
						0
					],
					[
						82051.2820512821,
						4,
						384.615384615385
					],
					[
						82051.2820512821,
						7,
						384.615384615385,
						"haato",
						false
					],
					[
						82307.6923076923,
						0,
						0,
						"haato",
						false
					],
					[
						82564.1025641026,
						0,
						0,
						"haato",
						false
					],
					[
						82820.5128205128,
						0,
						0,
						"haato",
						false
					],
					[
						83076.9230769231,
						0,
						0,
						"haato",
						false
					],
					[
						83333.3333333333,
						0,
						0,
						"haato",
						false
					],
					[
						83589.7435897436,
						0,
						0,
						"haato",
						false
					],
					[
						83846.1538461539,
						0,
						0,
						"haato",
						false
					]
				],
				"lengthInSteps": 16,
				"altAnim": false,
				"bpm": 159,
				"changeBPM": false,
				"mustHitSection": false
			},
			{
				"typeOfSection": 0,
				"sectionNotes": [
					[
						84102.5641025641,
						0,
						0
					],
					[
						84871.7948717948,
						2,
						0
					],
					[
						85128.2051282051,
						2,
						0
					],
					[
						84807.6923076923,
						1,
						0
					],
					[
						85576.9230769231,
						1,
						0
					],
					[
						86089.7435897436,
						1,
						0
					],
					[
						84294.8717948718,
						2,
						0
					],
					[
						84358.9743589743,
						1,
						0
					],
					[
						84551.282051282,
						0,
						0
					],
					[
						84615.3846153846,
						1,
						0
					],
					[
						85641.0256410256,
						2,
						128.205128205128
					],
					[
						85897.4358974359,
						3,
						0
					],
					[
						85064.1025641025,
						3,
						0
					],
					[
						85320.5128205128,
						0,
						0
					],
					[
						85384.6153846154,
						1,
						0
					],
					[
						85384.6153846154,
						5,
						0,
						"normal"
					],
					[
						85897.4358974359,
						5,
						0,
						"normal"
					],
					[
						84358.9743589744,
						3,
						0,
						"haato",
						false
					],
					[
						84615.3846153846,
						2,
						0,
						"haato",
						false
					],
					[
						85384.6153846154,
						3,
						0,
						"haato",
						false
					],
					[
						85641.0256410256,
						0,
						128.205128205128,
						"haato",
						false
					]
				],
				"lengthInSteps": 16,
				"altAnim": false,
				"bpm": 159,
				"changeBPM": false,
				"mustHitSection": true
			},
			{
				"typeOfSection": 0,
				"sectionNotes": [
					[
						86346.1538461538,
						3,
						0
					],
					[
						86153.8461538461,
						2,
						0
					],
					[
						86602.5641025641,
						3,
						0
					],
					[
						86858.9743589743,
						3,
						0
					],
					[
						87115.3846153846,
						3,
						0
					],
					[
						87371.7948717948,
						3,
						0
					],
					[
						87628.2051282051,
						3,
						0
					],
					[
						87884.6153846154,
						3,
						0
					],
					[
						88141.0256410256,
						3,
						0
					],
					[
						86153.8461538462,
						7,
						384.615384615385
					],
					[
						86410.2564102564,
						1,
						0,
						"haato",
						false
					],
					[
						86666.6666666667,
						1,
						0,
						"haato",
						false
					],
					[
						86923.0769230769,
						1,
						0,
						"haato",
						false
					],
					[
						87179.4871794872,
						1,
						0,
						"haato",
						false
					],
					[
						87435.8974358974,
						1,
						0,
						"haato",
						false
					],
					[
						87692.3076923077,
						1,
						0,
						"haato",
						false
					],
					[
						87948.717948718,
						1,
						0,
						"haato",
						false
					]
				],
				"lengthInSteps": 16,
				"altAnim": false,
				"bpm": 159,
				"changeBPM": false,
				"mustHitSection": false
			},
			{
				"typeOfSection": 0,
				"sectionNotes": [
					[
						88205.1282051282,
						3,
						0
					],
					[
						88974.3589743589,
						1,
						0
					],
					[
						89230.7692307692,
						1,
						0
					],
					[
						88910.2564102564,
						2,
						0
					],
					[
						89679.4871794872,
						2,
						0
					],
					[
						88397.4358974359,
						1,
						0
					],
					[
						88461.5384615384,
						2,
						0
					],
					[
						88653.8461538461,
						3,
						0
					],
					[
						88717.9487179487,
						2,
						0
					],
					[
						89166.6666666666,
						0,
						0
					],
					[
						89423.0769230769,
						3,
						0
					],
					[
						89487.1794871795,
						2,
						0
					],
					[
						89743.5897435897,
						0,
						128.205128205128
					],
					[
						90000,
						1,
						0
					],
					[
						89743.5897435897,
						3,
						128.205128205128,
						"haato",
						false
					],
					[
						90128.2051282051,
						3,
						0,
						"haato",
						false
					]
				],
				"lengthInSteps": 16,
				"altAnim": false,
				"bpm": 159,
				"changeBPM": false,
				"mustHitSection": true
			},
			{
				"typeOfSection": 0,
				"sectionNotes": [
					[
						90769.2307692308,
						3,
						0
					],
					[
						90256.4102564103,
						2,
						384.615384615385
					],
					[
						90961.5384615385,
						1,
						0
					],
					[
						91025.641025641,
						2,
						0
					],
					[
						91217.9487179487,
						3,
						192.307692307692
					],
					[
						91538.4615384615,
						1,
						128.205128205128
					],
					[
						91794.8717948718,
						2,
						128.205128205128
					],
					[
						92051.282051282,
						1,
						128.205128205128
					],
					[
						91538.4615384615,
						5,
						128.205128205128
					],
					[
						91794.8717948718,
						6,
						128.205128205128
					],
					[
						92051.282051282,
						5,
						128.205128205128
					],
					[
						90769.2307692308,
						4,
						0
					],
					[
						90961.5384615385,
						6,
						0
					],
					[
						91025.641025641,
						5,
						0
					],
					[
						91217.9487179487,
						4,
						192.307692307692
					],
					[
						90256.4102564103,
						6,
						384.615384615385
					],
					[
						91025.641025641,
						7,
						0,
						"haato",
						false
					],
					[
						91025.641025641,
						0,
						0,
						"haato",
						false
					]
				],
				"lengthInSteps": 16,
				"altAnim": false,
				"bpm": 159,
				"changeBPM": false,
				"mustHitSection": false
			},
			{
				"typeOfSection": 0,
				"sectionNotes": [
					[
						92756.4102564103,
						1,
						256.410256410256
					],
					[
						92307.6923076923,
						3,
						320.512820512821
					],
					[
						93141.0256410256,
						2,
						0
					],
					[
						92307.6923076923,
						4,
						320.512820512821
					],
					[
						92756.4102564103,
						5,
						256.410256410256
					],
					[
						93141.0256410256,
						6,
						0
					],
					[
						93333.3333333333,
						2,
						384.615384615385
					],
					[
						93333.3333333333,
						6,
						384.615384615385
					],
					[
						94102.5641025641,
						3,
						0
					],
					[
						94102.5641025641,
						4,
						0
					]
				],
				"lengthInSteps": 16,
				"altAnim": false,
				"bpm": 159,
				"changeBPM": false,
				"mustHitSection": false
			},
			{
				"typeOfSection": 0,
				"sectionNotes": [
					[
						94358.9743589743,
						2,
						0
					],
					[
						95128.2051282051,
						0,
						0
					],
					[
						95128.2051282051,
						7,
						0
					],
					[
						94358.9743589743,
						6,
						0
					],
					[
						95576.9230769231,
						5,
						0
					],
					[
						95320.5128205128,
						6,
						128.205128205128
					],
					[
						95833.3333333333,
						4,
						0
					],
					[
						96089.7435897436,
						5,
						192.307692307692
					],
					[
						95320.5128205128,
						2,
						128.205128205128
					],
					[
						95576.9230769231,
						1,
						0
					],
					[
						95833.3333333333,
						3,
						0
					],
					[
						96089.7435897436,
						1,
						192.307692307692
					],
					[
						94615.3846153846,
						7,
						0,
						"haato",
						false
					],
					[
						94615.3846153846,
						0,
						0,
						"haato",
						false
					],
					[
						94615.3846153846,
						3,
						0,
						"normal",
						false
					],
					[
						94615.3846153846,
						4,
						0,
						"normal",
						false
					],
					[
						94871.7948717949,
						7,
						0,
						"haato",
						false
					],
					[
						94871.7948717949,
						0,
						0,
						"haato",
						false
					],
					[
						94871.7948717949,
						3,
						0,
						"normal",
						false
					],
					[
						94871.7948717949,
						4,
						0,
						"normal",
						false
					],
					[
						95256.4102564102,
						1,
						0,
						"haato",
						false
					],
					[
						95705.1282051282,
						2,
						0,
						"haato",
						false
					]
				],
				"lengthInSteps": 16,
				"altAnim": false,
				"bpm": 159,
				"changeBPM": false,
				"mustHitSection": true
			},
			{
				"typeOfSection": 0,
				"sectionNotes": [
					[
						96666.6666666666,
						5,
						0
					],
					[
						96410.2564102564,
						6,
						128.205128205128
					],
					[
						96858.9743589743,
						4,
						192.307692307692
					],
					[
						96410.2564102564,
						1,
						128.205128205128
					],
					[
						96666.6666666666,
						2,
						0
					],
					[
						96858.9743589743,
						3,
						192.307692307692
					],
					[
						97435.8974358974,
						1,
						0
					],
					[
						97179.4871794872,
						2,
						128.205128205128
					],
					[
						97179.4871794872,
						6,
						128.205128205128
					],
					[
						97435.8974358974,
						5,
						0
					],
					[
						97692.3076923077,
						4,
						0
					],
					[
						97948.7179487179,
						7,
						0
					],
					[
						97692.3076923077,
						3,
						0
					],
					[
						97948.7179487179,
						0,
						0
					],
					[
						98205.1282051282,
						6,
						256.410256410256
					],
					[
						98205.1282051282,
						2,
						256.410256410256
					],
					[
						97179.4871794872,
						0,
						128.205128205128,
						"haato",
						false
					],
					[
						97179.4871794872,
						7,
						128.205128205128,
						"haato",
						false
					],
					[
						97564.1025641025,
						2,
						0,
						"haato",
						false
					],
					[
						98076.9230769231,
						3,
						0,
						"haato",
						false
					]
				],
				"lengthInSteps": 16,
				"altAnim": false,
				"bpm": 159,
				"changeBPM": false,
				"mustHitSection": true
			},
			{
				"typeOfSection": 0,
				"sectionNotes": [
					[
						98974.358974359,
						5,
						128.205128205128
					],
					[
						98974.358974359,
						1,
						128.205128205128
					],
					[
						99743.5897435897,
						0,
						0
					],
					[
						99423.0769230769,
						2,
						192.307692307692
					],
					[
						100000,
						2,
						128.205128205128
					],
					[
						100256.41025641,
						3,
						0
					],
					[
						99423.0769230769,
						6,
						192.307692307692
					],
					[
						99743.5897435897,
						7,
						0
					],
					[
						100000,
						6,
						128.205128205128
					],
					[
						100256.41025641,
						4,
						0
					],
					[
						98717.9487179487,
						3,
						0,
						"haato",
						false
					],
					[
						98717.9487179487,
						4,
						0,
						"haato",
						false
					],
					[
						98717.9487179487,
						0,
						0,
						"normal",
						false
					],
					[
						98717.9487179487,
						7,
						0,
						"normal",
						false
					],
					[
						98974.358974359,
						2,
						128.205128205128,
						"haato",
						false
					],
					[
						98974.358974359,
						6,
						128.205128205128,
						"haato",
						false
					],
					[
						99230.7692307692,
						7,
						0,
						"haato",
						false
					],
					[
						99230.7692307692,
						0,
						0,
						"haato",
						false
					],
					[
						99230.7692307692,
						3,
						0,
						"normal",
						false
					],
					[
						99230.7692307692,
						4,
						0,
						"normal",
						false
					],
					[
						100000,
						1,
						128.205128205128,
						"haato",
						false
					],
					[
						100000,
						5,
						128.205128205128,
						"haato",
						false
					]
				],
				"lengthInSteps": 16,
				"altAnim": false,
				"bpm": 159,
				"changeBPM": false,
				"mustHitSection": false
			},
			{
				"typeOfSection": 0,
				"sectionNotes": [
					[
						100512.82051282,
						0,
						256.410256410256
					],
					[
						100512.82051282,
						7,
						256.410256410256
					],
					[
						101282.051282051,
						2,
						0
					],
					[
						100961.538461538,
						1,
						192.307692307692
					],
					[
						101538.461538462,
						0,
						256.410256410256
					],
					[
						101538.461538462,
						7,
						256.410256410256
					],
					[
						101282.051282051,
						6,
						0
					],
					[
						100961.538461538,
						5,
						192.307692307692
					],
					[
						101987.179487179,
						3,
						128.205128205128
					],
					[
						102243.58974359,
						0,
						0
					],
					[
						102307.692307692,
						1,
						0
					],
					[
						101987.179487179,
						4,
						128.205128205128
					],
					[
						102243.58974359,
						7,
						0
					],
					[
						102307.692307692,
						6,
						0
					]
				],
				"lengthInSteps": 16,
				"altAnim": false,
				"bpm": 159,
				"changeBPM": false,
				"mustHitSection": false
			},
			{
				"typeOfSection": 0,
				"sectionNotes": [
					[
						102564.102564103,
						6,
						256.410256410256
					],
					[
						103012.82051282,
						5,
						0
					],
					[
						103333.333333333,
						6,
						0
					],
					[
						103525.641025641,
						5,
						0
					],
					[
						103589.743589744,
						7,
						0
					],
					[
						103782.051282051,
						4,
						192.307692307692
					],
					[
						104102.564102564,
						6,
						0
					],
					[
						104358.974358974,
						5,
						0
					],
					[
						102564.102564103,
						1,
						256.410256410256
					],
					[
						103012.82051282,
						2,
						0
					],
					[
						103333.333333333,
						1,
						0
					],
					[
						103525.641025641,
						2,
						0
					],
					[
						103589.743589744,
						0,
						0
					],
					[
						103782.051282051,
						3,
						192.307692307692
					],
					[
						104102.564102564,
						1,
						0
					],
					[
						104358.974358974,
						2,
						0
					],
					[
						103333.333333333,
						3,
						0,
						"haato",
						false
					],
					[
						104230.769230769,
						0,
						0,
						"haato",
						false
					]
				],
				"lengthInSteps": 16,
				"altAnim": false,
				"bpm": 159,
				"changeBPM": false,
				"mustHitSection": true
			},
			{
				"typeOfSection": 0,
				"sectionNotes": [
					[
						104615.384615385,
						2,
						128.205128205128
					],
					[
						104871.794871795,
						1,
						128.205128205128
					],
					[
						105128.205128205,
						0,
						128.205128205128
					],
					[
						105384.615384615,
						3,
						128.205128205128
					],
					[
						105641.025641026,
						2,
						128.205128205128
					],
					[
						106410.256410256,
						2,
						0
					],
					[
						106089.743589744,
						3,
						192.307692307692
					],
					[
						104615.384615385,
						6,
						128.205128205128
					],
					[
						104871.794871795,
						5,
						128.205128205128
					],
					[
						105641.025641026,
						6,
						128.205128205128
					],
					[
						106089.743589744,
						4,
						192.307692307692
					],
					[
						106410.256410256,
						5,
						0
					],
					[
						105128.205128205,
						4,
						128.205128205128,
						"normal"
					],
					[
						105384.615384615,
						7,
						128.205128205128,
						"normal"
					],
					[
						104615.384615385,
						7,
						128.205128205128,
						"haato",
						false
					],
					[
						104615.384615385,
						3,
						128.205128205128,
						"haato",
						false
					],
					[
						104871.794871795,
						2,
						128.205128205128,
						"haato",
						false
					],
					[
						104871.794871795,
						6,
						128.205128205128,
						"haato",
						false
					],
					[
						105128.205128205,
						5,
						128.205128205128,
						"haato",
						false
					],
					[
						105128.205128205,
						1,
						128.205128205128,
						"haato",
						false
					],
					[
						105641.025641026,
						1,
						128.205128205128,
						"haato",
						false
					]
				],
				"lengthInSteps": 16,
				"altAnim": false,
				"bpm": 159,
				"changeBPM": false,
				"mustHitSection": true
			},
			{
				"typeOfSection": 0,
				"sectionNotes": [
					[
						106666.666666667,
						6,
						0
					],
					[
						106923.076923077,
						5,
						641.025641025641
					],
					[
						106666.666666667,
						1,
						0
					],
					[
						106923.076923077,
						0,
						256.410256410256
					],
					[
						107435.897435897,
						2,
						0
					],
					[
						107692.307692308,
						2,
						256.410256410256
					],
					[
						108141.025641026,
						3,
						192.307692307692
					],
					[
						108461.538461538,
						2,
						0
					],
					[
						106666.666666667,
						4,
						0,
						"haato",
						false
					]
				],
				"lengthInSteps": 16,
				"altAnim": false,
				"bpm": 159,
				"changeBPM": false,
				"mustHitSection": false
			},
			{
				"typeOfSection": 0,
				"sectionNotes": [
					[
						108717.948717949,
						1,
						0
					],
					[
						108974.358974359,
						2,
						0
					],
					[
						109166.666666667,
						3,
						576.923076923077
					]
				],
				"lengthInSteps": 16,
				"altAnim": false,
				"bpm": 159,
				"changeBPM": false,
				"mustHitSection": false
			},
			{
				"typeOfSection": 0,
				"sectionNotes": [
					[
						111538.461538462,
						2,
						0
					],
					[
						111794.871794872,
						2,
						256.410256410256
					],
					[
						112243.58974359,
						3,
						192.307692307692
					],
					[
						112564.102564103,
						2,
						0
					],
					[
						111794.871794872,
						3,
						0,
						"haato",
						false
					],
					[
						111538.461538461,
						3,
						0,
						"haato",
						false
					],
					[
						112692.307692308,
						0,
						0,
						"haato",
						false
					]
				],
				"lengthInSteps": 16,
				"altAnim": false,
				"bpm": 159,
				"changeBPM": false,
				"mustHitSection": true
			},
			{
				"typeOfSection": 0,
				"sectionNotes": [
					[
						112820.512820513,
						1,
						0
					],
					[
						113076.923076923,
						0,
						0
					],
					[
						113269.230769231,
						0,
						192.307692307692
					],
					[
						113589.743589744,
						2,
						128.205128205128
					],
					[
						113846.153846154,
						1,
						128.205128205128
					],
					[
						114102.564102564,
						3,
						128.205128205128
					],
					[
						114358.974358974,
						3,
						128.205128205128
					],
					[
						114615.384615385,
						3,
						128.205128205128
					],
					[
						113076.923076923,
						3,
						0,
						"haato",
						false
					],
					[
						113269.230769231,
						3,
						0,
						"haato",
						false
					],
					[
						114102.564102564,
						0,
						0,
						"haato",
						false
					],
					[
						114358.974358974,
						0,
						0,
						"haato",
						false
					],
					[
						114615.384615385,
						0,
						0,
						"haato",
						false
					]
				],
				"lengthInSteps": 16,
				"altAnim": false,
				"bpm": 159,
				"changeBPM": false,
				"mustHitSection": true
			},
			{
				"typeOfSection": 0,
				"sectionNotes": [
					[
						114871.794871795,
						7,
						128.205128205128
					],
					[
						115128.205128205,
						1,
						0
					],
					[
						115384.615384615,
						2,
						0
					],
					[
						115576.923076923,
						0,
						0
					],
					[
						115833.333333333,
						2,
						0
					],
					[
						116153.846153846,
						1,
						0
					],
					[
						116410.256410256,
						3,
						0
					],
					[
						116602.564102564,
						2,
						0
					],
					[
						115128.205128205,
						4,
						641.025641025641,
						"normal"
					],
					[
						114871.794871795,
						5,
						128.205128205128,
						"haato",
						false
					],
					[
						115128.205128205,
						6,
						641.025641025641,
						"haato",
						false
					]
				],
				"lengthInSteps": 16,
				"altAnim": false,
				"bpm": 159,
				"changeBPM": false,
				"mustHitSection": false
			},
			{
				"typeOfSection": 0,
				"sectionNotes": [
					[
						117628.205128205,
						1,
						0
					],
					[
						117435.897435897,
						2,
						0
					],
					[
						117179.487179487,
						2,
						0
					],
					[
						116923.076923077,
						2,
						0
					],
					[
						117884.615384615,
						3,
						0
					],
					[
						118205.128205128,
						1,
						0
					],
					[
						118461.538461538,
						0,
						128.205128205128
					],
					[
						118717.948717949,
						1,
						128.205128205128
					]
				],
				"lengthInSteps": 16,
				"altAnim": false,
				"bpm": 159,
				"changeBPM": false,
				"mustHitSection": false
			},
			{
				"typeOfSection": 0,
				"sectionNotes": [
					[
						118974.358974359,
						0,
						641.025641025641
					],
					[
						120512.82051282,
						1,
						384.615384615385
					],
					[
						119743.58974359,
						2,
						0
					],
					[
						120000,
						3,
						384.615384615385
					],
					[
						118974.358974359,
						3,
						641.025641025641,
						"haato",
						false
					],
					[
						119743.58974359,
						1,
						0,
						"haato",
						false
					],
					[
						120000,
						0,
						384.615384615385,
						"haato",
						false
					],
					[
						120512.82051282,
						2,
						384.615384615385,
						"haato",
						false
					]
				],
				"lengthInSteps": 16,
				"altAnim": false,
				"bpm": 159,
				"changeBPM": false,
				"mustHitSection": true
			},
			{
				"typeOfSection": 0,
				"sectionNotes": [
					[
						121025.641025641,
						0,
						384.615384615385
					],
					[
						121538.461538461,
						1,
						384.615384615385
					],
					[
						122051.282051282,
						0,
						384.615384615385
					],
					[
						122564.102564102,
						3,
						384.615384615385
					],
					[
						121794.871794872,
						6,
						384.615384615385
					],
					[
						121474.358974359,
						4,
						192.307692307692
					],
					[
						122307.692307692,
						7,
						0
					],
					[
						122564.102564102,
						4,
						0
					],
					[
						122820.512820513,
						7,
						0
					],
					[
						121025.641025641,
						7,
						0,
						"haato",
						false
					],
					[
						121025.641025641,
						3,
						384.615384615385,
						"haato",
						false
					],
					[
						121538.461538461,
						2,
						0,
						"haato",
						false
					],
					[
						122051.282051282,
						3,
						0,
						"haato",
						false
					]
				],
				"lengthInSteps": 16,
				"altAnim": false,
				"bpm": 159,
				"changeBPM": false,
				"mustHitSection": true
			},
			{
				"typeOfSection": 0,
				"sectionNotes": [
					[
						123076.923076923,
						6,
						384.615384615385
					],
					[
						123076.923076923,
						2,
						0
					],
					[
						123333.333333333,
						1,
						0
					],
					[
						123589.743589744,
						2,
						0
					],
					[
						123846.153846154,
						1,
						0
					],
					[
						124102.564102564,
						2,
						0
					],
					[
						124358.974358974,
						1,
						0
					],
					[
						124551.282051282,
						0,
						0
					],
					[
						124807.692307692,
						3,
						0
					],
					[
						124743.58974359,
						2,
						0
					],
					[
						123076.923076923,
						0,
						0,
						"haato",
						false
					],
					[
						123333.333333333,
						2,
						0,
						"haato",
						false
					],
					[
						123589.743589744,
						1,
						0,
						"haato",
						false
					],
					[
						123846.153846154,
						3,
						0,
						"haato",
						false
					],
					[
						124102.564102564,
						0,
						0,
						"haato",
						false
					],
					[
						124358.974358974,
						2,
						0,
						"haato",
						false
					],
					[
						124551.282051282,
						3,
						0,
						"haato",
						false
					]
				],
				"lengthInSteps": 16,
				"altAnim": false,
				"bpm": 159,
				"changeBPM": false,
				"mustHitSection": false
			},
			{
				"typeOfSection": 0,
				"sectionNotes": [
					[
						126153.846153846,
						2,
						0
					],
					[
						126410.256410256,
						1,
						0
					],
					[
						126602.564102564,
						0,
						0
					],
					[
						126858.974358974,
						3,
						0
					],
					[
						126794.871794872,
						2,
						0
					],
					[
						125128.205128205,
						2,
						0
					],
					[
						125384.615384615,
						0,
						0
					],
					[
						125641.025641026,
						1,
						0
					],
					[
						125897.435897436,
						3,
						0
					],
					[
						125256.41025641,
						1,
						0,
						"haato",
						false
					],
					[
						125512.82051282,
						3,
						0,
						"haato",
						false
					],
					[
						125769.230769231,
						2,
						0,
						"haato",
						false
					],
					[
						126153.846153846,
						1,
						0,
						"haato",
						false
					],
					[
						126410.256410256,
						3,
						0,
						"haato",
						false
					],
					[
						127051.282051282,
						0,
						0,
						"haato",
						false
					]
				],
				"lengthInSteps": 16,
				"altAnim": false,
				"bpm": 159,
				"changeBPM": false,
				"mustHitSection": true
			},
			{
				"typeOfSection": 0,
				"sectionNotes": [
					[
						127179.487179487,
						2,
						0
					],
					[
						127435.897435897,
						1,
						0
					],
					[
						127692.307692308,
						3,
						0
					],
					[
						127948.717948718,
						0,
						0
					],
					[
						128205.128205128,
						2,
						0
					],
					[
						128461.538461538,
						1,
						0
					],
					[
						128653.846153846,
						2,
						128.205128205128
					],
					[
						128910.256410256,
						1,
						0
					],
					[
						128974.358974359,
						3,
						0
					],
					[
						127628.205128205,
						2,
						0
					],
					[
						127884.615384615,
						1,
						0
					],
					[
						128141.025641026,
						3,
						0
					],
					[
						127371.794871795,
						0,
						0
					],
					[
						127435.897435897,
						3,
						0,
						"haato",
						false
					],
					[
						127692.307692308,
						0,
						0,
						"haato",
						false
					],
					[
						127948.717948718,
						2,
						0,
						"haato",
						false
					],
					[
						128205.128205128,
						0,
						0,
						"haato",
						false
					],
					[
						128461.538461538,
						3,
						0,
						"haato",
						false
					],
					[
						128974.358974359,
						0,
						0,
						"haato",
						false
					]
				],
				"lengthInSteps": 16,
				"altAnim": false,
				"bpm": 159,
				"changeBPM": false,
				"mustHitSection": false
			},
			{
				"typeOfSection": 0,
				"sectionNotes": [
					[
						130256.41025641,
						1,
						0
					],
					[
						130512.82051282,
						2,
						0
					],
					[
						130705.128205128,
						3,
						0
					],
					[
						130961.538461538,
						0,
						0
					],
					[
						130897.435897436,
						1,
						0
					],
					[
						129230.769230769,
						1,
						0
					],
					[
						129487.179487179,
						3,
						0
					],
					[
						129743.58974359,
						2,
						0
					],
					[
						130000,
						0,
						0
					],
					[
						129358.974358974,
						2,
						0,
						"haato",
						false
					],
					[
						129871.794871795,
						1,
						0,
						"haato",
						false
					],
					[
						130000,
						2,
						0,
						"haato",
						false
					]
				],
				"lengthInSteps": 16,
				"altAnim": false,
				"bpm": 159,
				"changeBPM": false,
				"mustHitSection": true
			},
			{
				"typeOfSection": 0,
				"sectionNotes": [
					[
						131282.051282051,
						2,
						384.615384615385
					],
					[
						131794.871794872,
						1,
						384.615384615385
					],
					[
						132307.692307692,
						0,
						384.615384615385
					],
					[
						132820.512820513,
						3,
						384.615384615385
					]
				],
				"lengthInSteps": 16,
				"altAnim": false,
				"bpm": 159,
				"changeBPM": false,
				"mustHitSection": false
			},
			{
				"typeOfSection": 0,
				"sectionNotes": [
					[
						133333.333333333,
						2,
						384.615384615385
					],
					[
						133846.153846154,
						0,
						897.435897435897
					],
					[
						134871.794871795,
						2,
						0
					]
				],
				"lengthInSteps": 16,
				"altAnim": false,
				"bpm": 159,
				"changeBPM": false,
				"mustHitSection": false
			},
			{
				"typeOfSection": 0,
				"sectionNotes": [
					[
						135384.615384615,
						2,
						0
					],
					[
						135641.025641026,
						1,
						0
					],
					[
						135897.435897436,
						0,
						384.615384615385
					],
					[
						136410.256410256,
						2,
						0
					],
					[
						136923.076923077,
						1,
						0
					]
				],
				"lengthInSteps": 16,
				"altAnim": false,
				"bpm": 159,
				"changeBPM": false,
				"mustHitSection": false
			},
			{
				"typeOfSection": 0,
				"sectionNotes": [
					[
						137435.897435897,
						6,
						384.615384615385
					],
					[
						137435.897435897,
						2,
						384.615384615385
					],
					[
						137948.717948718,
						1,
						384.615384615385
					],
					[
						137948.717948718,
						5,
						384.615384615385
					],
					[
						138461.538461538,
						7,
						384.615384615385
					],
					[
						138461.538461538,
						0,
						384.615384615385
					],
					[
						138974.358974359,
						1,
						384.615384615385
					],
					[
						138974.358974359,
						5,
						384.615384615385
					]
				],
				"lengthInSteps": 16,
				"altAnim": false,
				"bpm": 159,
				"changeBPM": false,
				"mustHitSection": true
			},
			{
				"typeOfSection": 0,
				"sectionNotes": [
					[
						139487.179487179,
						6,
						1923.07692307692
					],
					[
						139487.179487179,
						3,
						0
					],
					[
						139743.58974359,
						1,
						0
					],
					[
						140512.82051282,
						2,
						0
					],
					[
						140769.230769231,
						0,
						0
					],
					[
						141025.641025641,
						2,
						0
					],
					[
						141282.051282051,
						0,
						0
					],
					[
						140000,
						3,
						0
					],
					[
						140256.41025641,
						1,
						0
					],
					[
						139487.179487179,
						0,
						0,
						"normal"
					],
					[
						139743.58974359,
						3,
						0,
						"normal"
					],
					[
						140000,
						0,
						0,
						"normal"
					],
					[
						140256.41025641,
						3,
						0,
						"normal"
					],
					[
						140512.82051282,
						0,
						0,
						"normal"
					],
					[
						140769.230769231,
						3,
						0,
						"normal"
					],
					[
						141025.641025641,
						0,
						0,
						"normal"
					],
					[
						141282.051282051,
						3,
						0,
						"normal"
					],
					[
						140512.82051282,
						3,
						0,
						"haato",
						false
					],
					[
						141025.641025641,
						3,
						0,
						"haato",
						false
					],
					[
						139487.179487179,
						4,
						1923.07692307692,
						"haato",
						false
					]
				],
				"lengthInSteps": 16,
				"altAnim": false,
				"bpm": 159,
				"changeBPM": false,
				"mustHitSection": true
			},
			{
				"typeOfSection": 0,
				"sectionNotes": [
					[
						141538,
						6,
						0
					],
					[
						141794,
						4,
						0
					],
					[
						142051,
						6,
						0
					],
					[
						142307,
						4,
						0
					],
					[
						142564,
						7,
						0
					],
					[
						143076,
						7,
						0
					],
					[
						141538.461538462,
						0,
						897.435897435897,
						"haato"
					],
					[
						142564.102564103,
						0,
						897.435897435897,
						"normal"
					],
					[
						141538.461538462,
						4,
						0,
						"normal"
					],
					[
						141794.871794872,
						5,
						0,
						"normal"
					],
					[
						142051.282051282,
						4,
						0,
						"normal"
					],
					[
						142307.692307692,
						5,
						0,
						"normal"
					],
					[
						142564.102564103,
						4,
						0,
						"normal"
					],
					[
						142820.512820513,
						7,
						0,
						"normal"
					],
					[
						143076.923076923,
						4,
						0,
						"normal"
					],
					[
						143333.333333333,
						7,
						0,
						"normal"
					],
					[
						142820.512820513,
						5,
						0,
						"normal"
					],
					[
						143333.333333333,
						5,
						0,
						"normal"
					],
					[
						141538.461538462,
						7,
						0,
						"haato",
						false
					],
					[
						141538.461538462,
						3,
						897.435897435897,
						"normal",
						false
					],
					[
						142564.102564103,
						6,
						0,
						"haato",
						false
					],
					[
						142564.102564103,
						2,
						897.435897435897,
						"haato",
						false
					],
					[
						143076.923076923,
						6,
						0,
						"haato",
						false
					],
					[
						142051.282051282,
						7,
						0,
						"haato",
						false
					]
				],
				"lengthInSteps": 16,
				"altAnim": false,
				"bpm": 159,
				"changeBPM": false,
				"mustHitSection": false
			},
			{
				"typeOfSection": 0,
				"sectionNotes": [
					[
						143589.743589744,
						2,
						0
					],
					[
						143846.153846154,
						0,
						0
					],
					[
						144102.564102564,
						2,
						0
					],
					[
						144358.974358974,
						0,
						0
					],
					[
						144615.384615385,
						2,
						0
					],
					[
						144871.794871795,
						0,
						0
					],
					[
						145128.205128205,
						2,
						0
					],
					[
						145384.615384615,
						0,
						0
					],
					[
						143589.743589744,
						6,
						1923.07692307692
					],
					[
						143589.743589744,
						0,
						0,
						"normal"
					],
					[
						143846.153846154,
						1,
						0,
						"normal"
					],
					[
						144102.564102564,
						0,
						0,
						"normal"
					],
					[
						144358.974358974,
						1,
						0,
						"normal"
					],
					[
						144615.384615385,
						0,
						0,
						"normal"
					],
					[
						144871.794871795,
						1,
						0,
						"normal"
					],
					[
						145128.205128205,
						0,
						0,
						"normal"
					],
					[
						145384.615384615,
						1,
						0,
						"normal"
					],
					[
						143589.743589744,
						5,
						1923.07692307692,
						"haato",
						false
					],
					[
						143846.153846154,
						3,
						0,
						"haato",
						false
					],
					[
						144358.974358974,
						3,
						0,
						"haato",
						false
					],
					[
						144871.794871795,
						3,
						0,
						"haato",
						false
					],
					[
						145384.615384615,
						3,
						0,
						"haato",
						false
					]
				],
				"lengthInSteps": 16,
				"altAnim": false,
				"bpm": 159,
				"changeBPM": false,
				"mustHitSection": true
			},
			{
				"typeOfSection": 0,
				"sectionNotes": [
					[
						145641.025641026,
						2,
						0
					],
					[
						145897.435897436,
						1,
						0
					],
					[
						146153.846153846,
						0,
						0
					],
					[
						146410.256410256,
						3,
						0
					],
					[
						146666.666666667,
						1,
						256.410256410256
					],
					[
						147051.282051282,
						2,
						256.410256410256
					],
					[
						146025.641025641,
						3,
						0,
						"haato",
						false
					],
					[
						146666.666666667,
						3,
						256.410256410256,
						"haato",
						false
					],
					[
						147051.282051282,
						0,
						256.410256410256,
						"haato",
						false
					],
					[
						147435.897435897,
						3,
						128.205128205128,
						"normal",
						false
					],
					[
						147435.897435897,
						1,
						128.205128205128,
						"haato",
						false
					]
				],
				"lengthInSteps": 16,
				"altAnim": false,
				"bpm": 159,
				"changeBPM": false,
				"mustHitSection": true
			},
			{
				"typeOfSection": 0,
				"sectionNotes": [
					[
						147692.307692308,
						3,
						0
					],
					[
						147820.512820513,
						2,
						0
					],
					[
						147948.717948718,
						1,
						0
					],
					[
						148333.333333333,
						0,
						0
					],
					[
						148461.538461538,
						3,
						0
					],
					[
						148717.948717949,
						2,
						0
					],
					[
						148974.358974359,
						1,
						0
					],
					[
						149230.769230769,
						3,
						0
					],
					[
						149487.179487179,
						1,
						0
					],
					[
						148076.923076923,
						3,
						0
					],
					[
						148205.128205128,
						2,
						0
					],
					[
						147692.307692308,
						6,
						0
					],
					[
						147948.717948718,
						7,
						769.230769230769
					],
					[
						147692.307692308,
						1,
						0,
						"haato",
						false
					],
					[
						147820.512820513,
						0,
						0,
						"haato",
						false
					],
					[
						148461.538461538,
						1,
						0,
						"haato",
						false
					],
					[
						148717.948717949,
						0,
						0,
						"haato",
						false
					],
					[
						148974.358974359,
						3,
						0,
						"haato",
						false
					]
				],
				"lengthInSteps": 16,
				"altAnim": false,
				"bpm": 159,
				"changeBPM": false,
				"mustHitSection": false
			},
			{
				"typeOfSection": 0,
				"sectionNotes": [
					[
						149743.58974359,
						2,
						0
					],
					[
						150000,
						1,
						0
					],
					[
						150256.41025641,
						0,
						0
					],
					[
						150512.820512821,
						3,
						384.615384615385
					],
					[
						151025.641025641,
						1,
						0
					],
					[
						151282.051282051,
						2,
						384.615384615385
					],
					[
						151666.666666667,
						6,
						0,
						"haato",
						false
					]
				],
				"lengthInSteps": 16,
				"altAnim": false,
				"bpm": 159,
				"changeBPM": false,
				"mustHitSection": false
			},
			{
				"typeOfSection": 0,
				"sectionNotes": [
					[
						151794.871794872,
						3,
						0
					],
					[
						151923.076923077,
						2,
						0
					],
					[
						152051.282051282,
						1,
						0
					],
					[
						152435.897435897,
						0,
						0
					],
					[
						152564.102564102,
						3,
						0
					],
					[
						152820.512820513,
						2,
						0
					],
					[
						153333.333333333,
						3,
						0
					],
					[
						152179.487179487,
						3,
						0
					],
					[
						152307.692307692,
						2,
						0
					],
					[
						153076.923076923,
						2,
						0
					],
					[
						153589.743589744,
						0,
						0
					],
					[
						151794.871794872,
						1,
						0,
						"haato",
						false
					],
					[
						151923.076923077,
						0,
						0,
						"haato",
						false
					],
					[
						152820.512820513,
						1,
						0,
						"haato",
						false
					],
					[
						153076.923076923,
						1,
						0,
						"haato",
						false
					],
					[
						153205.128205128,
						0,
						0,
						"haato",
						false
					],
					[
						153461.538461538,
						2,
						0,
						"haato",
						false
					]
				],
				"lengthInSteps": 16,
				"altAnim": false,
				"bpm": 159,
				"changeBPM": false,
				"mustHitSection": true
			},
			{
				"typeOfSection": 0,
				"sectionNotes": [
					[
						153846.153846154,
						2,
						0
					],
					[
						154102.564102564,
						3,
						0
					],
					[
						154358.974358974,
						2,
						0
					],
					[
						154615.384615385,
						0,
						384.615384615385
					],
					[
						155128.205128205,
						2,
						0
					],
					[
						155384.615384615,
						3,
						0
					],
					[
						155641.025641026,
						2,
						128.205128205128
					],
					[
						153974.358974359,
						1,
						0,
						"haato",
						false
					],
					[
						154230.769230769,
						0,
						0,
						"haato",
						false
					],
					[
						154358.974358974,
						1,
						0,
						"haato",
						false
					]
				],
				"lengthInSteps": 16,
				"altAnim": false,
				"bpm": 159,
				"changeBPM": false,
				"mustHitSection": true
			},
			{
				"typeOfSection": 0,
				"sectionNotes": [
					[
						155897.435897436,
						3,
						0
					],
					[
						156025.641025641,
						2,
						0
					],
					[
						156153.846153846,
						1,
						0
					],
					[
						156538.461538461,
						0,
						0
					],
					[
						156666.666666666,
						3,
						0
					],
					[
						156923.076923077,
						2,
						0
					],
					[
						157435.897435897,
						3,
						0
					],
					[
						156282.051282051,
						3,
						0
					],
					[
						156410.256410256,
						2,
						0
					],
					[
						157179.487179487,
						2,
						0
					],
					[
						157692.307692308,
						0,
						0
					],
					[
						155897.435897436,
						1,
						0,
						"haato",
						false
					],
					[
						156025.641025641,
						0,
						0,
						"haato",
						false
					],
					[
						156923.076923077,
						0,
						0,
						"haato",
						false
					],
					[
						157179.487179487,
						3,
						0,
						"haato",
						false
					],
					[
						157435.897435897,
						1,
						0,
						"haato",
						false
					],
					[
						157692.307692308,
						3,
						0,
						"haato",
						false
					]
				],
				"lengthInSteps": 16,
				"altAnim": false,
				"bpm": 159,
				"changeBPM": false,
				"mustHitSection": false
			},
			{
				"typeOfSection": 0,
				"sectionNotes": [
					[
						157948.717948718,
						2,
						0
					],
					[
						158205.128205128,
						3,
						0
					],
					[
						158461.538461538,
						2,
						0
					],
					[
						158717.948717949,
						0,
						384.615384615385
					],
					[
						159230.769230769,
						2,
						0
					],
					[
						159487.17948718,
						3,
						384.615384615385
					],
					[
						157948.717948718,
						0,
						0,
						"haato",
						false
					],
					[
						158205.128205128,
						1,
						0,
						"haato",
						false
					],
					[
						158461.538461538,
						0,
						0,
						"haato",
						false
					]
				],
				"lengthInSteps": 16,
				"altAnim": false,
				"bpm": 159,
				"changeBPM": false,
				"mustHitSection": false
			},
			{
				"typeOfSection": 0,
				"sectionNotes": [
					[
						160000,
						0,
						0
					],
					[
						160128.205128205,
						1,
						0
					],
					[
						160256.41025641,
						2,
						0
					],
					[
						160641.025641025,
						3,
						0
					],
					[
						160769.23076923,
						0,
						0
					],
					[
						161538.461538461,
						0,
						0
					],
					[
						160384.615384615,
						0,
						0
					],
					[
						160512.82051282,
						1,
						0
					],
					[
						161794.871794872,
						3,
						0
					],
					[
						161025.641025641,
						2,
						0
					],
					[
						161282.051282051,
						2,
						0
					],
					[
						160000,
						2,
						0,
						"haato",
						false
					],
					[
						160128.205128205,
						3,
						0,
						"haato",
						false
					],
					[
						160897.435897436,
						1,
						0,
						"haato",
						false
					]
				],
				"lengthInSteps": 16,
				"altAnim": false,
				"bpm": 159,
				"changeBPM": false,
				"mustHitSection": true
			},
			{
				"typeOfSection": 0,
				"sectionNotes": [
					[
						162307.692307692,
						0,
						0
					],
					[
						162820.512820513,
						3,
						384.615384615385
					],
					[
						162051.282051282,
						2,
						0
					],
					[
						162564.102564103,
						2,
						0
					],
					[
						163333.333333333,
						2,
						0
					],
					[
						163589.743589744,
						0,
						128.205128205128
					],
					[
						163846.153846154,
						3,
						128.205128205128
					],
					[
						162435.897435897,
						1,
						0,
						"haato",
						false
					],
					[
						162692.307692308,
						0,
						0,
						"haato",
						false
					],
					[
						163461.538461539,
						1,
						0,
						"haato",
						false
					]
				],
				"lengthInSteps": 16,
				"altAnim": false,
				"bpm": 159,
				"changeBPM": false,
				"mustHitSection": true
			},
			{
				"typeOfSection": 0,
				"sectionNotes": [
					[
						164102.564102564,
						2,
						384.615384615385
					],
					[
						165128.205128205,
						7,
						384.615384615385
					]
				],
				"lengthInSteps": 16,
				"altAnim": false,
				"bpm": 159,
				"changeBPM": false,
				"mustHitSection": true
			},
			{
				"typeOfSection": 0,
				"sectionNotes": [
					[
						166153,
						4,
						384
					],
					[
						167179,
						2,
						256
					],
					[
						167564,
						1,
						256
					],
					[
						167948,
						3,
						0
					]
				],
				"lengthInSteps": 16,
				"altAnim": false,
				"bpm": 159,
				"changeBPM": false,
				"mustHitSection": false
			},
			{
				"typeOfSection": 0,
				"sectionNotes": [
					[
						169230.769230769,
						6,
						0
					],
					[
						168205.128205128,
						1,
						0
					],
					[
						169230.769230769,
						2,
						0
					],
					[
						169230.769230769,
						0,
						0,
						"normal"
					],
					[
						168205.128205128,
						3,
						0,
						"normal"
					],
					[
						168205.128205128,
						0,
						0,
						"haato",
						false
					],
					[
						168205.128205128,
						2,
						0,
						"haato",
						false
					],
					[
						169230.769230769,
						1,
						0,
						"haato",
						false
					],
					[
						169230.769230769,
						3,
						0,
						"haato",
						false
					]
				],
				"lengthInSteps": 16,
				"altAnim": false,
				"bpm": 159,
				"changeBPM": false,
				"mustHitSection": true
			},
			{
				"typeOfSection": 0,
				"sectionNotes": [
					[
						170256.41025641,
						7,
						0,
						"normal"
					],
					[
						170256.41025641,
						5,
						0,
						"normal"
					],
					[
						170256.41025641,
						6,
						0,
						"haato",
						false
					],
					[
						170256.41025641,
						4,
						0,
						"haato",
						false
					],
					[
						171282.051282051,
						2,
						0,
						"chamaaa"
					],
					[
						171727.564102564,
						3,
						0,
						"chamaaa"
					],
					[
						171923.076923077,
						0,
						0,
						"chamaaa"
					]
				],
				"lengthInSteps": 16,
				"altAnim": false,
				"bpm": 159,
				"changeBPM": false,
				"mustHitSection": false
			},
			{
				"typeOfSection": 0,
				"sectionNotes": [
					[
						172307.692307692,
						3,
						0,
						"chamaaa"
					],
					[
						172564.102564103,
						2,
						1410.25641025641,
						"chamaaa"
					]
				],
				"lengthInSteps": 16,
				"altAnim": false,
				"bpm": 159,
				"changeBPM": false,
				"mustHitSection": false
			},
			{
				"typeOfSection": 0,
				"sectionNotes": [],
				"lengthInSteps": 16,
				"altAnim": false,
				"bpm": 159,
				"changeBPM": false,
				"mustHitSection": false
			},
			{
				"typeOfSection": 0,
				"sectionNotes": [],
				"lengthInSteps": 16,
				"altAnim": false,
				"bpm": 159,
				"changeBPM": false,
				"mustHitSection": true
			},
			{
				"typeOfSection": 0,
				"sectionNotes": [],
				"lengthInSteps": 16,
				"altAnim": false,
				"bpm": 159,
				"changeBPM": false,
				"mustHitSection": true
			},
			{
				"typeOfSection": 0,
				"sectionNotes": [],
				"lengthInSteps": 16,
				"altAnim": false,
				"bpm": 159,
				"changeBPM": false,
				"mustHitSection": true
			},
			{
				"typeOfSection": 0,
				"sectionNotes": [],
				"lengthInSteps": 16,
				"altAnim": false,
				"bpm": 159,
				"changeBPM": false,
				"mustHitSection": true
			},
			{
				"lengthInSteps": 16,
				"typeOfSection": 0,
				"sectionNotes": [],
				"altAnim": false,
				"bpm": 159,
				"changeBPM": false,
				"mustHitSection": true
			},
			{
				"lengthInSteps": 16,
				"typeOfSection": 0,
				"sectionNotes": [],
				"altAnim": false,
				"bpm": 117,
				"changeBPM": false,
				"mustHitSection": true
			},
			{
				"lengthInSteps": 16,
				"typeOfSection": 0,
				"sectionNotes": [],
				"altAnim": false,
				"bpm": 117,
				"changeBPM": false,
				"mustHitSection": true
			},
			{
				"lengthInSteps": 16,
				"typeOfSection": 0,
				"sectionNotes": [],
				"altAnim": false,
				"bpm": 117,
				"changeBPM": false,
				"mustHitSection": true
			},
			{
				"sectionNotes": [],
				"typeOfSection": 0,
				"lengthInSteps": 16,
				"altAnim": false,
				"mustHitSection": true,
				"changeBPM": false,
				"bpm": 117
			},
			{
				"lengthInSteps": 16,
				"typeOfSection": 0,
				"sectionNotes": [],
				"altAnim": false,
				"bpm": 117,
				"changeBPM": false,
				"mustHitSection": true
			},
			{
				"sectionNotes": [],
				"typeOfSection": 0,
				"lengthInSteps": 16,
				"altAnim": false,
				"mustHitSection": true,
				"changeBPM": false,
				"bpm": 117
			},
			{
				"lengthInSteps": 16,
				"typeOfSection": 0,
				"sectionNotes": [],
				"altAnim": false,
				"bpm": 117,
				"changeBPM": false,
				"mustHitSection": true
			},
			{
				"lengthInSteps": 16,
				"typeOfSection": 0,
				"sectionNotes": [],
				"altAnim": false,
				"bpm": 117,
				"changeBPM": false,
				"mustHitSection": true
			},
			{
				"lengthInSteps": 16,
				"typeOfSection": 0,
				"sectionNotes": [],
				"altAnim": false,
				"bpm": 117,
				"changeBPM": false,
				"mustHitSection": true
			},
			{
				"sectionNotes": [],
				"typeOfSection": 0,
				"lengthInSteps": 16,
				"altAnim": false,
				"mustHitSection": true,
				"changeBPM": false,
				"bpm": 117
			},
			{
				"lengthInSteps": 16,
				"typeOfSection": 0,
				"sectionNotes": [],
				"altAnim": false,
				"bpm": 117,
				"changeBPM": false,
				"mustHitSection": true
			},
			{
				"lengthInSteps": 16,
				"typeOfSection": 0,
				"sectionNotes": [],
				"altAnim": false,
				"bpm": 117,
				"changeBPM": false,
				"mustHitSection": true
			},
			{
				"lengthInSteps": 16,
				"typeOfSection": 0,
				"sectionNotes": [],
				"altAnim": false,
				"bpm": 117,
				"changeBPM": false,
				"mustHitSection": true
			},
			{
				"lengthInSteps": 16,
				"typeOfSection": 0,
				"sectionNotes": [],
				"altAnim": false,
				"bpm": 117,
				"changeBPM": false,
				"mustHitSection": true
			},
			{
				"lengthInSteps": 16,
				"typeOfSection": 0,
				"sectionNotes": [],
				"altAnim": false,
				"bpm": 117,
				"changeBPM": false,
				"mustHitSection": true
			},
			{
				"lengthInSteps": 16,
				"typeOfSection": 0,
				"sectionNotes": [],
				"altAnim": false,
				"bpm": 117,
				"changeBPM": false,
				"mustHitSection": true
			},
			{
				"lengthInSteps": 16,
				"typeOfSection": 0,
				"sectionNotes": [],
				"altAnim": false,
				"bpm": 117,
				"changeBPM": false,
				"mustHitSection": true
			},
			{
				"sectionNotes": [],
				"typeOfSection": 0,
				"lengthInSteps": 16,
				"altAnim": false,
				"mustHitSection": true,
				"changeBPM": false,
				"bpm": 117
			},
			{
				"sectionNotes": [],
				"typeOfSection": 0,
				"lengthInSteps": 16,
				"altAnim": false,
				"mustHitSection": true,
				"changeBPM": false,
				"bpm": 117
			},
			{
				"lengthInSteps": 16,
				"typeOfSection": 0,
				"sectionNotes": [],
				"altAnim": false,
				"bpm": 117,
				"changeBPM": false,
				"mustHitSection": true
			},
			{
				"sectionNotes": [],
				"typeOfSection": 0,
				"lengthInSteps": 16,
				"altAnim": false,
				"mustHitSection": true,
				"changeBPM": false,
				"bpm": 117
			},
			{
				"sectionNotes": [],
				"typeOfSection": 0,
				"lengthInSteps": 16,
				"altAnim": false,
				"mustHitSection": true,
				"changeBPM": false,
				"bpm": 117
			},
			{
				"lengthInSteps": 16,
				"typeOfSection": 0,
				"sectionNotes": [],
				"altAnim": false,
				"bpm": 117,
				"changeBPM": false,
				"mustHitSection": true
			},
			{
				"lengthInSteps": 16,
				"typeOfSection": 0,
				"sectionNotes": [],
				"altAnim": false,
				"bpm": 117,
				"changeBPM": false,
				"mustHitSection": true
			},
			{
				"sectionNotes": [],
				"typeOfSection": 0,
				"lengthInSteps": 16,
				"altAnim": false,
				"mustHitSection": true,
				"changeBPM": false,
				"bpm": 117
			},
			{
				"lengthInSteps": 16,
				"typeOfSection": 0,
				"sectionNotes": [],
				"altAnim": false,
				"bpm": 117,
				"changeBPM": false,
				"mustHitSection": true
			},
			{
				"sectionNotes": [],
				"typeOfSection": 0,
				"lengthInSteps": 16,
				"altAnim": false,
				"mustHitSection": true,
				"changeBPM": false,
				"bpm": 117
			},
			{
				"sectionNotes": [],
				"typeOfSection": 0,
				"lengthInSteps": 16,
				"altAnim": false,
				"mustHitSection": true,
				"changeBPM": false,
				"bpm": 117
			},
			{
				"sectionNotes": [],
				"typeOfSection": 0,
				"lengthInSteps": 16,
				"altAnim": false,
				"mustHitSection": true,
				"changeBPM": false,
				"bpm": 117
			},
			{
				"lengthInSteps": 16,
				"typeOfSection": 0,
				"sectionNotes": [],
				"altAnim": false,
				"bpm": 117,
				"changeBPM": false,
				"mustHitSection": true
			},
			{
				"playerAltAnim": false,
				"altAnim": false,
				"CPUAltAnim": false,
				"mustHitSection": true,
				"lengthInSteps": 16,
				"typeOfSection": 0,
				"sectionNotes": [],
				"bpm": 117,
				"changeBPM": false
			},
			{
				"playerAltAnim": false,
				"altAnim": false,
				"CPUAltAnim": false,
				"mustHitSection": true,
				"lengthInSteps": 16,
				"typeOfSection": 0,
				"sectionNotes": [],
				"changeBPM": false,
				"bpm": 117
			},
			{
				"playerAltAnim": false,
				"altAnim": false,
				"CPUAltAnim": false,
				"mustHitSection": true,
				"lengthInSteps": 16,
				"typeOfSection": 0,
				"sectionNotes": [],
				"bpm": 117,
				"changeBPM": false
			},
			{
				"playerAltAnim": false,
				"altAnim": false,
				"CPUAltAnim": false,
				"mustHitSection": true,
				"lengthInSteps": 16,
				"typeOfSection": 0,
				"sectionNotes": [],
				"changeBPM": false,
				"bpm": 117
			},
			{
				"sectionNotes": [],
				"typeOfSection": 0,
				"lengthInSteps": 16,
				"altAnim": false,
				"mustHitSection": true,
				"changeBPM": false,
				"bpm": 117
			},
			{
				"lengthInSteps": 16,
				"altAnim": false,
				"typeOfSection": 0,
				"sectionNotes": [],
				"bpm": 117,
				"changeBPM": false,
				"mustHitSection": true
			},
			{
				"lengthInSteps": 16,
				"altAnim": false,
				"typeOfSection": 0,
				"sectionNotes": [],
				"bpm": 117,
				"changeBPM": false,
				"mustHitSection": true
			}
		],
		"player3": "gf",
		"startingHealth": 1,
		"song": "Red and Black",
		"stage": "hellsKitchen",
		"validScore": true,
		"sections": 0,
		"needsVoices": true,
		"speed": 2.7,
		"bpm": 117
	}
}