{
	"song": {
		"player1": "bf",
		"player2": "robro",
		"events": [],
		"notes": [
			{
				"lengthInSteps": 16,
				"typeOfSection": 0,
				"sectionNotes": [],
				"altAnim": false,
				"gfSection": false,
				"bpm": 150,
				"changeBPM": false,
				"mustHitSection": true
			},
			{
				"lengthInSteps": 16,
				"typeOfSection": 0,
				"sectionNotes": [
					[
						1411.76470588235,
						3,
						0
					],
					[
						1588.23529411765,
						3,
						0
					],
					[
						1941.17647058824,
						3,
						0
					],
					[
						1500,
						1,
						0
					],
					[
						1764.70588235294,
						3,
						0
					],
					[
						2117.64705882353,
						2,
						0
					],
					[
						2294.11764705882,
						3,
						0
					],
					[
						2470.58823529412,
						0,
						0
					],
					[
						2647.05882352941,
						3,
						0
					]
				],
				"altAnim": false,
				"gfSection": false,
				"bpm": 150,
				"changeBPM": false,
				"mustHitSection": false
			},
			{
				"sectionNotes": [
					[
						3176.47058823529,
						1,
						0
					],
					[
						3529.41176470588,
						3,
						0
					],
					[
						3705.88235294118,
						2,
						0
					],
					[
						3882.35294117647,
						3,
						264.705882352941
					],
					[
						2823.52941176471,
						2,
						0
					],
					[
						3000,
						2,
						0
					],
					[
						3088.23529411765,
						2,
						0
					],
					[
						3352.94117647059,
						2,
						0
					]
				],
				"typeOfSection": 0,
				"lengthInSteps": 16,
				"gfSection": false,
				"altAnim": false,
				"mustHitSection": false,
				"changeBPM": false,
				"bpm": 150
			},
			{
				"lengthInSteps": 16,
				"typeOfSection": 0,
				"sectionNotes": [
					[
						4941.17647058824,
						2,
						88.2352941176471
					],
					[
						5117.64705882353,
						3,
						88.2352941176471
					],
					[
						5294.11764705882,
						0,
						264.705882352941
					],
					[
						4235.29411764706,
						1,
						88.2352941176471
					],
					[
						4411.76470588235,
						3,
						88.2352941176471
					],
					[
						4588.23529411765,
						1,
						88.2352941176471
					],
					[
						4764.70588235294,
						3,
						88.2352941176471
					]
				],
				"altAnim": false,
				"gfSection": false,
				"bpm": 150,
				"changeBPM": false,
				"mustHitSection": false
			},
			{
				"lengthInSteps": 16,
				"typeOfSection": 0,
				"sectionNotes": [
					[
						5647.05882352941,
						1,
						0
					],
					[
						5735.29411764706,
						1,
						0
					],
					[
						5823.52941176471,
						2,
						0
					],
					[
						6000,
						0,
						0
					],
					[
						6176.47058823529,
						2,
						0
					],
					[
						6529.41176470588,
						3,
						0
					],
					[
						6352.94117647059,
						3,
						0
					],
					[
						6705.88235294118,
						0,
						264.705882352941
					]
				],
				"altAnim": false,
				"gfSection": false,
				"bpm": 170,
				"changeBPM": false,
				"mustHitSection": false
			},
			{
				"lengthInSteps": 16,
				"typeOfSection": 0,
				"sectionNotes": [
					[
						7235.29411764706,
						0,
						0
					],
					[
						7588.23529411765,
						1,
						0
					],
					[
						7764.70588235294,
						3,
						0
					],
					[
						8117.64705882353,
						2,
						0
					],
					[
						8294.11764705882,
						1,
						0
					],
					[
						7941.17647058824,
						1,
						0
					],
					[
						7058.82352941176,
						0,
						0
					],
					[
						7147.05882352941,
						1,
						0
					],
					[
						7411.76470588235,
						0,
						0
					]
				],
				"altAnim": false,
				"gfSection": false,
				"bpm": 170,
				"changeBPM": false,
				"mustHitSection": true
			},
			{
				"lengthInSteps": 16,
				"typeOfSection": 0,
				"sectionNotes": [
					[
						8470.58823529412,
						3,
						0
					],
					[
						8647.05882352941,
						3,
						0
					],
					[
						8735.29411764706,
						3,
						0
					],
					[
						8823.52941176471,
						1,
						0
					],
					[
						9000,
						3,
						0
					],
					[
						9176.47058823529,
						1,
						0
					],
					[
						9352.94117647059,
						3,
						0
					],
					[
						9529.41176470588,
						1,
						264.705882352941
					]
				],
				"altAnim": false,
				"gfSection": false,
				"bpm": 170,
				"changeBPM": false,
				"mustHitSection": true
			},
			{
				"lengthInSteps": 16,
				"typeOfSection": 0,
				"sectionNotes": [
					[
						10941.1764705882,
						0,
						264.705882352941
					],
					[
						10058.8235294118,
						1,
						88.2352941176471
					],
					[
						10411.7647058824,
						1,
						88.2352941176471
					],
					[
						10764.7058823529,
						1,
						88.2352941176471
					],
					[
						9882.35294117647,
						2,
						88.2352941176471
					],
					[
						10235.2941176471,
						2,
						88.2352941176471
					],
					[
						10588.2352941176,
						3,
						88.2352941176471
					]
				],
				"altAnim": false,
				"gfSection": false,
				"bpm": 170,
				"changeBPM": false,
				"mustHitSection": true
			},
			{
				"lengthInSteps": 16,
				"typeOfSection": 0,
				"sectionNotes": [
					[
						12352.9411764706,
						0,
						264.705882352941
					],
					[
						11294.1176470588,
						3,
						0
					],
					[
						11382.3529411765,
						0,
						0
					],
					[
						11470.5882352941,
						3,
						0
					],
					[
						11647.0588235294,
						1,
						0
					],
					[
						12000,
						1,
						0
					],
					[
						12176.4705882353,
						2,
						0
					],
					[
						11823.5294117647,
						3,
						0
					]
				],
				"altAnim": false,
				"gfSection": false,
				"bpm": 170,
				"changeBPM": false,
				"mustHitSection": true
			},
			{
				"lengthInSteps": 16,
				"typeOfSection": 0,
				"sectionNotes": [
					[
						12705.8823529412,
						3,
						88.2352941176471
					],
					[
						12882.3529411765,
						0,
						88.2352941176471
					],
					[
						13058.8235294118,
						2,
						0
					],
					[
						13147.0588235294,
						2,
						0
					],
					[
						13235.2941176471,
						1,
						0
					],
					[
						13411.7647058824,
						3,
						0
					],
					[
						13588.2352941176,
						1,
						0
					],
					[
						13676.4705882353,
						3,
						0
					],
					[
						13852.9411764706,
						1,
						0
					],
					[
						13941.1764705882,
						3,
						0
					]
				],
				"altAnim": false,
				"gfSection": false,
				"bpm": 170,
				"changeBPM": false,
				"mustHitSection": false
			},
			{
				"lengthInSteps": 16,
				"typeOfSection": 0,
				"sectionNotes": [
					[
						14117.6470588235,
						3,
						0
					],
					[
						14294.1176470588,
						2,
						0
					],
					[
						14470.5882352941,
						3,
						0
					],
					[
						14647.0588235294,
						2,
						0
					],
					[
						14823.5294117647,
						3,
						0
					],
					[
						14911.7647058824,
						1,
						0
					],
					[
						15000,
						0,
						0
					],
					[
						15088.2352941176,
						2,
						0
					],
					[
						15352.9411764706,
						1,
						0
					],
					[
						15176.4705882353,
						3,
						0
					]
				],
				"altAnim": false,
				"gfSection": false,
				"bpm": 170,
				"changeBPM": false,
				"mustHitSection": false
			},
			{
				"lengthInSteps": 16,
				"typeOfSection": 0,
				"sectionNotes": [
					[
						15529.4117647059,
						2,
						0
					],
					[
						15882.3529411765,
						3,
						0
					],
					[
						16235.2941176471,
						0,
						0
					],
					[
						16588.2352941176,
						2,
						0
					]
				],
				"altAnim": false,
				"gfSection": false,
				"bpm": 170,
				"changeBPM": false,
				"mustHitSection": false
			},
			{
				"lengthInSteps": 16,
				"typeOfSection": 0,
				"sectionNotes": [
					[
						16941.1764705882,
						3,
						0
					],
					[
						17294.1176470588,
						3,
						0
					],
					[
						17470.5882352941,
						2,
						0
					],
					[
						17647.0588235294,
						0,
						0
					],
					[
						17823.5294117647,
						0,
						0
					],
					[
						17911.7647058824,
						3,
						0
					],
					[
						18000,
						2,
						264.705882352941
					]
				],
				"altAnim": false,
				"gfSection": false,
				"bpm": 170,
				"changeBPM": false,
				"mustHitSection": false
			},
			{
				"lengthInSteps": 16,
				"typeOfSection": 0,
				"sectionNotes": [
					[
						18352.9411764706,
						1,
						88.2352941176471
					],
					[
						18705.8823529412,
						3,
						0
					],
					[
						18794.1176470588,
						3,
						0
					],
					[
						18882.3529411765,
						2,
						0
					],
					[
						19058.8235294118,
						1,
						0
					],
					[
						19235.2941176471,
						0,
						0
					],
					[
						19323.5294117647,
						1,
						0
					],
					[
						19500,
						0,
						0
					],
					[
						19588.2352941176,
						1,
						0
					],
					[
						18529.4117647059,
						2,
						88.2352941176471
					],
					[
						18352.9411764706,
						7,
						0
					]
				],
				"altAnim": false,
				"gfSection": false,
				"bpm": 170,
				"changeBPM": false,
				"mustHitSection": true
			},
			{
				"lengthInSteps": 16,
				"typeOfSection": 0,
				"sectionNotes": [
					[
						20470.5882352941,
						0,
						0
					],
					[
						20558.8235294118,
						2,
						0
					],
					[
						20647.0588235294,
						3,
						0
					],
					[
						20735.2941176471,
						1,
						0
					],
					[
						21000,
						2,
						0
					],
					[
						20823.5294117647,
						0,
						0
					],
					[
						19764.7058823529,
						1,
						0
					],
					[
						19941.1764705882,
						3,
						0
					],
					[
						20294.1176470588,
						3,
						0
					],
					[
						20117.6470588235,
						1,
						0
					]
				],
				"altAnim": false,
				"gfSection": false,
				"bpm": 170,
				"changeBPM": false,
				"mustHitSection": true
			},
			{
				"lengthInSteps": 16,
				"typeOfSection": 0,
				"sectionNotes": [
					[
						21176.4705882353,
						0,
						0
					],
					[
						21529.4117647059,
						2,
						0
					],
					[
						21882.3529411765,
						3,
						0
					],
					[
						22235.2941176471,
						0,
						0
					]
				],
				"altAnim": false,
				"gfSection": false,
				"bpm": 170,
				"changeBPM": false,
				"mustHitSection": true
			},
			{
				"lengthInSteps": 16,
				"typeOfSection": 0,
				"sectionNotes": [
					[
						22588.2352941176,
						1,
						0
					],
					[
						22941.1764705882,
						1,
						0
					],
					[
						23117.6470588235,
						3,
						0
					],
					[
						23294.1176470588,
						2,
						0
					],
					[
						23558.8235294118,
						2,
						0
					],
					[
						23470.5882352941,
						0,
						0
					],
					[
						23647.0588235294,
						3,
						0
					]
				],
				"altAnim": false,
				"gfSection": false,
				"bpm": 170,
				"changeBPM": false,
				"mustHitSection": true
			},
			{
				"lengthInSteps": 16,
				"typeOfSection": 0,
				"sectionNotes": [
					[
						24000,
						5,
						0
					],
					[
						24000,
						3,
						0
					],
					[
						24088.2352941176,
						0,
						0
					],
					[
						24176.4705882353,
						3,
						0
					],
					[
						24352.9411764706,
						3,
						0
					],
					[
						24705.8823529412,
						3,
						0
					],
					[
						24882.3529411765,
						1,
						0
					],
					[
						25058.8235294118,
						2,
						0
					],
					[
						25235.2941176471,
						3,
						0
					],
					[
						24529.4117647059,
						1,
						0
					]
				],
				"altAnim": false,
				"gfSection": false,
				"bpm": 170,
				"changeBPM": false,
				"mustHitSection": false
			},
			{
				"lengthInSteps": 16,
				"typeOfSection": 0,
				"sectionNotes": [
					[
						25411.7647058824,
						2,
						0
					],
					[
						25588.2352941176,
						2,
						0
					],
					[
						25676.4705882353,
						0,
						0
					],
					[
						25764.7058823529,
						1,
						0
					],
					[
						25941.1764705882,
						2,
						0
					],
					[
						26117.6470588235,
						3,
						0
					],
					[
						26294.1176470588,
						2,
						0
					],
					[
						26470.5882352941,
						3,
						264.705882352941
					],
					[
						26470.5882352941,
						0,
						264.705882352941
					]
				],
				"altAnim": false,
				"gfSection": false,
				"bpm": 170,
				"changeBPM": false,
				"mustHitSection": false
			},
			{
				"lengthInSteps": 16,
				"typeOfSection": 0,
				"sectionNotes": [
					[
						26823.5294117647,
						3,
						0
					],
					[
						27000,
						2,
						0
					],
					[
						27176.4705882353,
						3,
						0
					],
					[
						27352.9411764706,
						3,
						0
					],
					[
						27529.4117647059,
						0,
						0
					],
					[
						27705.8823529412,
						2,
						0
					],
					[
						27882.3529411765,
						3,
						264.705882352941
					]
				],
				"altAnim": false,
				"gfSection": false,
				"bpm": 170,
				"changeBPM": false,
				"mustHitSection": false
			},
			{
				"lengthInSteps": 16,
				"typeOfSection": 0,
				"sectionNotes": [
					[
						28235.2941176471,
						0,
						0
					],
					[
						28323.5294117647,
						3,
						0
					],
					[
						28411.7647058824,
						2,
						0
					],
					[
						28588.2352941176,
						3,
						0
					],
					[
						28764.7058823529,
						0,
						0
					],
					[
						28852.9411764706,
						0,
						0
					],
					[
						28941.1764705882,
						3,
						0
					],
					[
						29117.6470588235,
						3,
						0
					],
					[
						29294.1176470588,
						2,
						264.705882352941
					]
				],
				"altAnim": false,
				"gfSection": false,
				"bpm": 170,
				"changeBPM": false,
				"mustHitSection": false
			},
			{
				"lengthInSteps": 16,
				"typeOfSection": 0,
				"sectionNotes": [
					[
						29735.2941176471,
						0,
						0
					],
					[
						30352.9411764706,
						1,
						0
					],
					[
						30529.4117647059,
						0,
						0
					],
					[
						30705.8823529412,
						3,
						0
					],
					[
						30882.3529411765,
						1,
						0
					],
					[
						29647.0588235294,
						2,
						0
					],
					[
						29823.5294117647,
						2,
						0
					],
					[
						30000,
						1,
						0
					],
					[
						30176.4705882353,
						0,
						0
					]
				],
				"altAnim": false,
				"gfSection": false,
				"bpm": 170,
				"changeBPM": false,
				"mustHitSection": true
			},
			{
				"lengthInSteps": 16,
				"typeOfSection": 0,
				"sectionNotes": [
					[
						31323.5294117647,
						0,
						0
					],
					[
						31411.7647058824,
						1,
						0
					],
					[
						32117.6470588235,
						0,
						264.705882352941
					],
					[
						32117.6470588235,
						1,
						264.705882352941
					],
					[
						31058.8235294118,
						3,
						0
					],
					[
						31235.2941176471,
						3,
						0
					],
					[
						31588.2352941176,
						3,
						0
					],
					[
						31764.7058823529,
						1,
						0
					],
					[
						31941.1764705882,
						3,
						0
					]
				],
				"altAnim": false,
				"gfSection": false,
				"bpm": 170,
				"changeBPM": false,
				"mustHitSection": true
			},
			{
				"lengthInSteps": 16,
				"typeOfSection": 0,
				"sectionNotes": [
					[
						32470.5882352941,
						1,
						0
					],
					[
						32647.0588235294,
						3,
						0
					],
					[
						32823.5294117647,
						0,
						0
					],
					[
						33000,
						2,
						0
					],
					[
						33176.4705882353,
						0,
						0
					],
					[
						33352.9411764706,
						3,
						0
					],
					[
						33529.4117647059,
						1,
						264.705882352941
					]
				],
				"altAnim": false,
				"gfSection": false,
				"bpm": 170,
				"changeBPM": false,
				"mustHitSection": true
			},
			{
				"lengthInSteps": 16,
				"typeOfSection": 0,
				"sectionNotes": [
					[
						34058.8235294118,
						3,
						0
					],
					[
						33882.3529411765,
						2,
						0
					],
					[
						33970.5882352941,
						0,
						0
					],
					[
						34235.2941176471,
						1,
						0
					],
					[
						34411.7647058823,
						3,
						0
					],
					[
						34500,
						3,
						0
					],
					[
						34588.2352941176,
						1,
						0
					],
					[
						34764.7058823529,
						2,
						0
					],
					[
						34941.1764705882,
						0,
						264.705882352941
					]
				],
				"altAnim": false,
				"gfSection": false,
				"bpm": 170,
				"changeBPM": false,
				"mustHitSection": true
			},
			{
				"lengthInSteps": 16,
				"typeOfSection": 0,
				"sectionNotes": [
					[
						35294.1176470588,
						0,
						176.470588235294
					],
					[
						35647.0588235294,
						3,
						0
					],
					[
						35823.5294117647,
						3,
						0
					],
					[
						35735.2941176471,
						0,
						0
					],
					[
						35911.7647058823,
						2,
						0
					],
					[
						36000,
						3,
						0
					],
					[
						36352.9411764706,
						3,
						0
					],
					[
						36529.4117647059,
						3,
						0
					],
					[
						36176.4705882353,
						2,
						0
					]
				],
				"altAnim": false,
				"gfSection": false,
				"bpm": 170,
				"changeBPM": false,
				"mustHitSection": false
			},
			{
				"lengthInSteps": 16,
				"typeOfSection": 0,
				"sectionNotes": [
					[
						36705.8823529412,
						0,
						0
					],
					[
						36882.3529411765,
						0,
						0
					],
					[
						37058.8235294118,
						0,
						0
					],
					[
						37235.294117647,
						3,
						264.705882352941
					],
					[
						37941.1764705882,
						1,
						0
					],
					[
						37588.2352941176,
						3,
						0
					],
					[
						37764.7058823529,
						3,
						0
					]
				],
				"altAnim": false,
				"gfSection": false,
				"bpm": 170,
				"changeBPM": false,
				"mustHitSection": false
			},
			{
				"lengthInSteps": 16,
				"typeOfSection": 0,
				"sectionNotes": [
					[
						38117.6470588235,
						3,
						0
					],
					[
						38205.8823529412,
						0,
						0
					],
					[
						38294.1176470588,
						3,
						0
					],
					[
						38382.3529411765,
						2,
						0
					],
					[
						38470.5882352941,
						0,
						0
					],
					[
						38647.0588235294,
						3,
						0
					],
					[
						39000,
						3,
						0
					],
					[
						39352.9411764706,
						3,
						0
					],
					[
						38823.5294117647,
						2,
						0
					],
					[
						39088.2352941176,
						2,
						0
					],
					[
						39264.7058823529,
						2,
						0
					]
				],
				"altAnim": false,
				"gfSection": false,
				"bpm": 170,
				"changeBPM": false,
				"mustHitSection": false
			},
			{
				"lengthInSteps": 16,
				"typeOfSection": 0,
				"sectionNotes": [
					[
						40058.8235294117,
						1,
						176.470588235294
					],
					[
						40411.7647058823,
						1,
						0
					],
					[
						40588.2352941176,
						2,
						264.705882352941
					],
					[
						39529.4117647059,
						2,
						0
					],
					[
						39705.8823529412,
						2,
						0
					],
					[
						39882.3529411765,
						2,
						0
					],
					[
						39794.1176470588,
						0,
						0
					]
				],
				"altAnim": false,
				"gfSection": false,
				"bpm": 170,
				"changeBPM": false,
				"mustHitSection": false
			},
			{
				"lengthInSteps": 16,
				"typeOfSection": 0,
				"sectionNotes": [
					[
						40941.1764705882,
						7,
						264.705882352941
					],
					[
						40941.1764705882,
						0,
						176.470588235294
					],
					[
						41294.1176470588,
						1,
						0
					],
					[
						41382.3529411765,
						0,
						0
					],
					[
						41470.5882352941,
						2,
						0
					],
					[
						41647.0588235294,
						1,
						0
					],
					[
						41558.8235294117,
						0,
						0
					],
					[
						41823.5294117647,
						3,
						0
					],
					[
						42000,
						1,
						0
					],
					[
						42176.4705882353,
						0,
						0
					]
				],
				"altAnim": false,
				"gfSection": false,
				"bpm": 170,
				"changeBPM": false,
				"mustHitSection": true
			},
			{
				"lengthInSteps": 16,
				"typeOfSection": 0,
				"sectionNotes": [
					[
						42352.9411764706,
						3,
						0
					],
					[
						42529.4117647059,
						3,
						0
					],
					[
						42705.8823529412,
						3,
						0
					],
					[
						42882.3529411764,
						1,
						264.705882352941
					],
					[
						43235.294117647,
						1,
						0
					],
					[
						43411.7647058823,
						0,
						0
					],
					[
						43588.2352941176,
						2,
						0
					]
				],
				"altAnim": false,
				"gfSection": false,
				"bpm": 170,
				"changeBPM": false,
				"mustHitSection": true
			},
			{
				"lengthInSteps": 16,
				"typeOfSection": 0,
				"sectionNotes": [
					[
						44029.4117647059,
						2,
						0
					],
					[
						44117.6470588235,
						0,
						0
					],
					[
						44470.5882352941,
						3,
						0
					],
					[
						44647.0588235294,
						1,
						0
					],
					[
						44735.294117647,
						3,
						0
					],
					[
						44294.1176470588,
						1,
						0
					],
					[
						44911.7647058823,
						1,
						0
					],
					[
						45000,
						0,
						0
					],
					[
						43764.7058823529,
						1,
						0
					],
					[
						43852.9411764706,
						3,
						0
					],
					[
						43941.1764705882,
						0,
						0
					]
				],
				"altAnim": false,
				"gfSection": false,
				"bpm": 170,
				"changeBPM": false,
				"mustHitSection": true
			},
			{
				"lengthInSteps": 16,
				"typeOfSection": 0,
				"sectionNotes": [
					[
						46235.294117647,
						2,
						264.705882352941
					],
					[
						45176.4705882353,
						3,
						0
					],
					[
						45352.9411764706,
						3,
						0
					],
					[
						45441.1764705882,
						0,
						0
					],
					[
						45529.4117647059,
						3,
						0
					],
					[
						45705.8823529411,
						1,
						176.470588235294
					],
					[
						46058.8235294117,
						1,
						0
					]
				],
				"altAnim": false,
				"gfSection": false,
				"bpm": 170,
				"changeBPM": false,
				"mustHitSection": true
			},
			{
				"lengthInSteps": 16,
				"typeOfSection": 0,
				"sectionNotes": [
					[
						46588.2352941176,
						3,
						1323.52941176471
					],
					[
						46588.2352941176,
						7,
						1323.52941176471
					]
				],
				"altAnim": false,
				"gfSection": false,
				"bpm": 170,
				"changeBPM": false,
				"mustHitSection": true
			},
			{
				"lengthInSteps": 16,
				"typeOfSection": 0,
				"sectionNotes": [
					[
						48000,
						4,
						617.647058823529
					],
					[
						48705.8823529411,
						5,
						617.647058823529
					],
					[
						48000,
						2,
						0
					],
					[
						48176.4705882353,
						1,
						0
					],
					[
						48352.9411764706,
						3,
						0
					],
					[
						48529.4117647058,
						2,
						0
					],
					[
						48705.8823529411,
						0,
						264.705882352941
					],
					[
						49058.8235294117,
						2,
						176.470588235294
					],
					[
						49058.8235294117,
						1,
						264.705882352941
					]
				],
				"altAnim": false,
				"gfSection": false,
				"bpm": 170,
				"changeBPM": false,
				"mustHitSection": false
			},
			{
				"lengthInSteps": 16,
				"typeOfSection": 0,
				"sectionNotes": [
					[
						49411.7647058823,
						4,
						1323.52941176471
					],
					[
						49411.7647058823,
						2,
						1323.52941176471
					]
				],
				"altAnim": false,
				"gfSection": false,
				"bpm": 170,
				"changeBPM": false,
				"mustHitSection": false
			},
			{
				"lengthInSteps": 16,
				"typeOfSection": 0,
				"sectionNotes": [
					[
						50823.5294117647,
						7,
						617.647058823529
					],
					[
						51529.4117647058,
						6,
						617.647058823529
					],
					[
						51176.4705882353,
						0,
						0
					],
					[
						51882.3529411764,
						3,
						264.705882352941
					],
					[
						51529.4117647058,
						0,
						264.705882352941
					],
					[
						50823.5294117647,
						2,
						0
					],
					[
						51000,
						1,
						0
					],
					[
						51352.9411764705,
						3,
						0
					]
				],
				"altAnim": false,
				"gfSection": false,
				"bpm": 170,
				"changeBPM": false,
				"mustHitSection": true
			},
			{
				"lengthInSteps": 16,
				"typeOfSection": 0,
				"sectionNotes": [
					[
						52235.294117647,
						1,
						1323.52941176471
					],
					[
						52235.294117647,
						6,
						1323.52941176471
					]
				],
				"altAnim": false,
				"gfSection": false,
				"bpm": 170,
				"changeBPM": false,
				"mustHitSection": true
			},
			{
				"lengthInSteps": 16,
				"typeOfSection": 0,
				"sectionNotes": [
					[
						53647.0588235294,
						2,
						0
					],
					[
						54352.9411764706,
						0,
						264.705882352941
					],
					[
						54705.8823529411,
						2,
						176.470588235294
					],
					[
						54705.8823529411,
						1,
						264.705882352941
					],
					[
						53823.5294117647,
						0,
						0
					],
					[
						53999.9999999999,
						1,
						0
					],
					[
						54176.4705882352,
						3,
						0
					],
					[
						54352.9411764705,
						6,
						617.647058823529
					],
					[
						53647.0588235294,
						7,
						617.647058823529
					]
				],
				"altAnim": false,
				"gfSection": false,
				"bpm": 170,
				"changeBPM": false,
				"mustHitSection": true
			},
			{
				"lengthInSteps": 16,
				"typeOfSection": 0,
				"sectionNotes": [
					[
						55058.8235294117,
						6,
						1323.52941176471
					],
					[
						55058.8235294117,
						3,
						1323.52941176471
					]
				],
				"altAnim": false,
				"gfSection": false,
				"bpm": 170,
				"changeBPM": false,
				"mustHitSection": true
			},
			{
				"lengthInSteps": 16,
				"typeOfSection": 0,
				"sectionNotes": [
					[
						56470.5882352941,
						2,
						0
					],
					[
						56647.0588235294,
						1,
						0
					],
					[
						56823.5294117646,
						2,
						0
					],
					[
						56999.9999999999,
						0,
						0
					],
					[
						57529.4117647058,
						0,
						264.705882352941
					],
					[
						57176.4705882352,
						3,
						264.705882352941
					],
					[
						56470.5882352941,
						6,
						617.647058823529
					],
					[
						57176.4705882352,
						7,
						617.647058823529
					]
				],
				"altAnim": false,
				"gfSection": false,
				"bpm": 170,
				"changeBPM": false,
				"mustHitSection": false
			},
			{
				"lengthInSteps": 16,
				"typeOfSection": 0,
				"sectionNotes": [
					[
						57882.3529411764,
						5,
						1323.52941176471
					],
					[
						57882.3529411764,
						1,
						0
					],
					[
						58058.8235294117,
						3,
						0
					],
					[
						58411.7647058823,
						3,
						0
					],
					[
						58588.2352941176,
						1,
						0
					],
					[
						58764.7058823529,
						2,
						0
					],
					[
						58941.1764705882,
						1,
						0
					],
					[
						59117.6470588235,
						3,
						0
					]
				],
				"altAnim": false,
				"gfSection": false,
				"bpm": 170,
				"changeBPM": false,
				"mustHitSection": true
			},
			{
				"lengthInSteps": 16,
				"typeOfSection": 0,
				"sectionNotes": [
					[
						59294.1176470588,
						6,
						0
					],
					[
						60000,
						4,
						264.705882352941
					],
					[
						60352.9411764706,
						6,
						176.470588235294
					],
					[
						60352.9411764706,
						5,
						264.705882352941
					],
					[
						59470.5882352941,
						4,
						0
					],
					[
						59647.0588235294,
						5,
						0
					],
					[
						59823.5294117647,
						7,
						0
					],
					[
						59294.1176470588,
						1,
						0
					],
					[
						59647.0588235293,
						0,
						0
					],
					[
						59823.5294117646,
						3,
						0
					],
					[
						59999.9999999999,
						1,
						0
					],
					[
						60352.9411764705,
						2,
						264.705882352941
					]
				],
				"altAnim": false,
				"gfSection": false,
				"bpm": 170,
				"changeBPM": false,
				"mustHitSection": true
			},
			{
				"lengthInSteps": 16,
				"typeOfSection": 0,
				"sectionNotes": [
					[
						60705.8823529411,
						6,
						1323.52941176471
					],
					[
						60705.8823529411,
						2,
						617.647058823529
					],
					[
						61411.7647058823,
						2,
						0
					],
					[
						61588.2352941176,
						3,
						0
					],
					[
						61764.7058823529,
						2,
						0
					],
					[
						61941.1764705882,
						1,
						0
					]
				],
				"altAnim": false,
				"gfSection": false,
				"bpm": 170,
				"changeBPM": false,
				"mustHitSection": true
			},
			{
				"lengthInSteps": 16,
				"typeOfSection": 0,
				"sectionNotes": [
					[
						62117.6470588235,
						7,
						617.647058823529
					],
					[
						62823.5294117646,
						6,
						617.647058823529
					],
					[
						62117.6470588235,
						2,
						0
					],
					[
						62470.588235294,
						1,
						0
					],
					[
						62647.0588235293,
						2,
						0
					],
					[
						62823.5294117646,
						1,
						0
					],
					[
						63176.4705882352,
						1,
						0
					]
				],
				"altAnim": false,
				"gfSection": false,
				"bpm": 170,
				"changeBPM": false,
				"mustHitSection": true
			},
			{
				"lengthInSteps": 16,
				"typeOfSection": 0,
				"sectionNotes": [
					[
						63529.4117647058,
						5,
						1323.52941176471
					],
					[
						64058.8235294117,
						3,
						0
					],
					[
						63529.4117647058,
						3,
						352.941176470588
					],
					[
						64235.294117647,
						0,
						0
					],
					[
						64411.7647058823,
						3,
						0
					],
					[
						64588.2352941176,
						2,
						0
					],
					[
						64764.7058823529,
						0,
						0
					]
				],
				"altAnim": false,
				"gfSection": false,
				"bpm": 170,
				"changeBPM": false,
				"mustHitSection": false
			},
			{
				"lengthInSteps": 16,
				"typeOfSection": 0,
				"sectionNotes": [
					[
						65647.0588235294,
						4,
						264.705882352941
					],
					[
						66000,
						6,
						176.470588235294
					],
					[
						66000,
						5,
						264.705882352941
					],
					[
						65294.1176470588,
						5,
						0
					],
					[
						65470.5882352941,
						7,
						0
					],
					[
						65470.5882352941,
						3,
						0
					],
					[
						65999.9999999999,
						2,
						264.705882352941
					],
					[
						64941.1764705882,
						7,
						0
					],
					[
						65117.6470588235,
						6,
						0
					],
					[
						64941.1764705882,
						3,
						0
					],
					[
						65294.1176470587,
						3,
						0
					],
					[
						65382.3529411764,
						2,
						0
					],
					[
						65647.0588235293,
						3,
						0
					]
				],
				"altAnim": false,
				"gfSection": false,
				"bpm": 170,
				"changeBPM": false,
				"mustHitSection": false
			},
			{
				"lengthInSteps": 16,
				"typeOfSection": 0,
				"sectionNotes": [
					[
						66352.9411764705,
						6,
						1323.52941176471
					],
					[
						66352.9411764705,
						2,
						617.647058823529
					],
					[
						67058.8235294117,
						3,
						0
					],
					[
						67235.294117647,
						2,
						0
					],
					[
						67411.7647058823,
						3,
						0
					],
					[
						67588.2352941176,
						2,
						0
					]
				],
				"altAnim": false,
				"gfSection": false,
				"bpm": 170,
				"changeBPM": false,
				"mustHitSection": false
			},
			{
				"lengthInSteps": 16,
				"typeOfSection": 0,
				"sectionNotes": [
					[
						67764.7058823529,
						4,
						617.647058823529
					],
					[
						68470.588235294,
						7,
						617.647058823529
					],
					[
						67764.7058823529,
						0,
						0
					],
					[
						67941.1764705882,
						0,
						0
					],
					[
						68029.4117647058,
						0,
						0
					],
					[
						68117.6470588235,
						3,
						0
					],
					[
						68205.8823529411,
						3,
						0
					],
					[
						68294.1176470588,
						1,
						0
					],
					[
						68470.588235294,
						3,
						0
					],
					[
						68647.0588235293,
						2,
						0
					],
					[
						68823.5294117646,
						1,
						264.705882352941
					],
					[
						68823.5294117646,
						0,
						176.470588235294
					]
				],
				"altAnim": false,
				"gfSection": false,
				"bpm": 170,
				"changeBPM": false,
				"mustHitSection": false
			},
			{
				"lengthInSteps": 16,
				"typeOfSection": 0,
				"sectionNotes": [
					[
						69176.4705882352,
						3,
						0
					],
					[
						69264.7058823529,
						0,
						0
					],
					[
						69352.9411764705,
						3,
						0
					],
					[
						69529.4117647058,
						0,
						0
					],
					[
						69705.8823529411,
						3,
						0
					],
					[
						69882.3529411764,
						2,
						0
					],
					[
						70058.8235294117,
						3,
						0
					],
					[
						70235.294117647,
						0,
						0
					],
					[
						70411.7647058823,
						3,
						0
					]
				],
				"altAnim": false,
				"gfSection": false,
				"bpm": 170,
				"changeBPM": false,
				"mustHitSection": false
			},
			{
				"lengthInSteps": 16,
				"typeOfSection": 0,
				"sectionNotes": [
					[
						70588.2352941176,
						0,
						0
					],
					[
						70764.7058823529,
						0,
						0
					],
					[
						70852.9411764705,
						0,
						0
					],
					[
						70941.1764705882,
						1,
						0
					],
					[
						71117.6470588235,
						3,
						0
					],
					[
						71294.1176470587,
						1,
						0
					],
					[
						71470.588235294,
						0,
						0
					],
					[
						71647.0588235293,
						2,
						264.705882352941
					],
					[
						71647.0588235293,
						3,
						264.705882352941
					]
				],
				"altAnim": false,
				"gfSection": false,
				"bpm": 170,
				"changeBPM": false,
				"mustHitSection": false
			},
			{
				"lengthInSteps": 16,
				"typeOfSection": 0,
				"sectionNotes": [
					[
						71999.9999999999,
						1,
						0
					],
					[
						72176.4705882352,
						3,
						0
					],
					[
						72352.9411764705,
						0,
						0
					],
					[
						72529.4117647058,
						3,
						0
					],
					[
						72705.8823529411,
						2,
						0
					],
					[
						72882.3529411764,
						3,
						0
					],
					[
						73058.8235294117,
						3,
						264.705882352941
					]
				],
				"altAnim": false,
				"gfSection": false,
				"bpm": 170,
				"changeBPM": false,
				"mustHitSection": false
			},
			{
				"lengthInSteps": 16,
				"typeOfSection": 0,
				"sectionNotes": [
					[
						73411.7647058823,
						0,
						0
					],
					[
						73499.9999999999,
						1,
						0
					],
					[
						73588.2352941176,
						0,
						0
					],
					[
						73764.7058823528,
						3,
						0
					],
					[
						73941.1764705882,
						3,
						0
					],
					[
						74117.6470588234,
						2,
						0
					],
					[
						74294.1176470587,
						0,
						0
					],
					[
						74470.588235294,
						3,
						264.705882352941
					]
				],
				"altAnim": false,
				"gfSection": false,
				"bpm": 170,
				"changeBPM": false,
				"mustHitSection": false
			},
			{
				"lengthInSteps": 16,
				"typeOfSection": 0,
				"sectionNotes": [
					[
						74911.7647058823,
						0,
						0
					],
					[
						75176.4705882352,
						0,
						0
					],
					[
						74823.5294117646,
						1,
						0
					],
					[
						74999.9999999999,
						1,
						0
					],
					[
						75352.9411764705,
						1,
						0
					],
					[
						75529.4117647058,
						3,
						0
					],
					[
						75882.3529411764,
						2,
						0
					],
					[
						76058.8235294117,
						1,
						0
					],
					[
						75705.8823529411,
						1,
						0
					]
				],
				"altAnim": false,
				"gfSection": false,
				"bpm": 170,
				"changeBPM": false,
				"mustHitSection": true
			},
			{
				"lengthInSteps": 16,
				"typeOfSection": 0,
				"sectionNotes": [
					[
						76235.294117647,
						3,
						0
					],
					[
						76411.7647058823,
						3,
						0
					],
					[
						76499.9999999999,
						3,
						0
					],
					[
						76588.2352941175,
						2,
						0
					],
					[
						76764.7058823528,
						1,
						0
					],
					[
						76941.1764705881,
						0,
						0
					],
					[
						77117.6470588234,
						3,
						0
					],
					[
						77294.1176470587,
						2,
						264.705882352941
					],
					[
						77294.1176470587,
						0,
						264.705882352941
					]
				],
				"altAnim": false,
				"gfSection": false,
				"bpm": 170,
				"changeBPM": false,
				"mustHitSection": true
			},
			{
				"lengthInSteps": 16,
				"typeOfSection": 0,
				"sectionNotes": [
					[
						77647.0588235293,
						2,
						0
					],
					[
						77823.5294117646,
						1,
						0
					],
					[
						77999.9999999999,
						3,
						0
					],
					[
						78176.4705882352,
						1,
						0
					],
					[
						78352.9411764705,
						2,
						0
					],
					[
						78529.4117647058,
						0,
						0
					],
					[
						78705.8823529411,
						1,
						264.705882352941
					]
				],
				"altAnim": false,
				"gfSection": false,
				"bpm": 170,
				"changeBPM": false,
				"mustHitSection": true
			},
			{
				"lengthInSteps": 16,
				"typeOfSection": 0,
				"sectionNotes": [
					[
						79058.8235294117,
						0,
						0
					],
					[
						79147.0588235293,
						1,
						0
					],
					[
						79764.7058823528,
						2,
						0
					],
					[
						79235.294117647,
						3,
						0
					],
					[
						79411.7647058822,
						1,
						0
					],
					[
						79588.2352941175,
						0,
						0
					],
					[
						79941.1764705881,
						3,
						0
					],
					[
						80117.6470588234,
						0,
						264.705882352941
					]
				],
				"altAnim": false,
				"gfSection": false,
				"bpm": 170,
				"changeBPM": false,
				"mustHitSection": true
			},
			{
				"lengthInSteps": 16,
				"typeOfSection": 0,
				"sectionNotes": [
					[
						80470.588235294,
						3,
						0
					],
					[
						80647.0588235293,
						0,
						0
					],
					[
						80735.2941176469,
						0,
						0
					],
					[
						80823.5294117646,
						3,
						0
					],
					[
						80999.9999999999,
						2,
						0
					],
					[
						81176.4705882352,
						3,
						0
					],
					[
						81352.9411764705,
						3,
						0
					],
					[
						81529.4117647058,
						2,
						0
					],
					[
						81705.8823529411,
						0,
						0
					]
				],
				"altAnim": false,
				"gfSection": false,
				"bpm": 170,
				"changeBPM": false,
				"mustHitSection": false
			},
			{
				"lengthInSteps": 16,
				"typeOfSection": 0,
				"sectionNotes": [
					[
						81882.3529411764,
						2,
						0
					],
					[
						81970.588235294,
						1,
						0
					],
					[
						82058.8235294117,
						3,
						0
					],
					[
						82147.0588235293,
						2,
						0
					],
					[
						82235.2941176469,
						0,
						0
					],
					[
						82411.7647058822,
						2,
						0
					],
					[
						82588.2352941175,
						3,
						0
					],
					[
						82676.4705882352,
						2,
						0
					],
					[
						82764.7058823528,
						3,
						88.2352941176471
					],
					[
						82941.1764705881,
						2,
						0
					],
					[
						83117.6470588234,
						3,
						0
					]
				],
				"altAnim": false,
				"gfSection": false,
				"bpm": 170,
				"changeBPM": false,
				"mustHitSection": false
			},
			{
				"lengthInSteps": 16,
				"typeOfSection": 0,
				"sectionNotes": [
					[
						83470.588235294,
						0,
						0
					],
					[
						83558.8235294116,
						0,
						0
					],
					[
						84352.9411764705,
						2,
						0
					],
					[
						83294.1176470587,
						1,
						0
					],
					[
						83647.0588235293,
						2,
						0
					],
					[
						83823.5294117646,
						3,
						0
					],
					[
						83999.9999999999,
						1,
						0
					],
					[
						84176.4705882352,
						0,
						0
					],
					[
						84529.4117647058,
						3,
						0
					]
				],
				"altAnim": false,
				"gfSection": false,
				"bpm": 170,
				"changeBPM": false,
				"mustHitSection": true
			},
			{
				"lengthInSteps": 16,
				"typeOfSection": 0,
				"sectionNotes": [
					[
						84705.8823529411,
						1,
						0
					],
					[
						84794.1176470587,
						2,
						0
					],
					[
						84882.3529411764,
						0,
						0
					],
					[
						85235.2941176469,
						3,
						0
					],
					[
						85058.8235294116,
						2,
						0
					],
					[
						84970.588235294,
						3,
						0
					],
					[
						85411.7647058822,
						1,
						0
					],
					[
						85499.9999999999,
						0,
						0
					],
					[
						85588.2352941175,
						1,
						88.2352941176471
					],
					[
						85764.7058823528,
						3,
						0
					],
					[
						85941.1764705881,
						1,
						0
					]
				],
				"altAnim": false,
				"gfSection": false,
				"bpm": 170,
				"changeBPM": false,
				"mustHitSection": true
			},
			{
				"lengthInSteps": 16,
				"typeOfSection": 0,
				"sectionNotes": [
					[
						86294.1176470587,
						2,
						0
					],
					[
						86382.3529411763,
						3,
						0
					],
					[
						86117.6470588234,
						3,
						0
					],
					[
						86205.8823529411,
						1,
						0
					],
					[
						86470.588235294,
						0,
						0
					],
					[
						86647.0588235293,
						3,
						0
					],
					[
						86735.2941176469,
						3,
						0
					],
					[
						87088.2352941175,
						3,
						0
					],
					[
						86911.7647058822,
						3,
						0
					],
					[
						86823.5294117646,
						0,
						0
					],
					[
						86999.9999999999,
						0,
						0
					],
					[
						87176.4705882352,
						2,
						0
					],
					[
						87352.9411764705,
						3,
						0
					]
				],
				"altAnim": false,
				"gfSection": false,
				"bpm": 170,
				"changeBPM": false,
				"mustHitSection": false
			},
			{
				"lengthInSteps": 16,
				"typeOfSection": 0,
				"sectionNotes": [
					[
						87529.4117647058,
						2,
						0
					],
					[
						87705.8823529411,
						3,
						0
					],
					[
						87882.3529411763,
						3,
						0
					],
					[
						88058.8235294116,
						0,
						0
					],
					[
						88411.7647058822,
						3,
						0
					],
					[
						88588.2352941175,
						0,
						0
					]
				],
				"altAnim": false,
				"gfSection": false,
				"bpm": 170,
				"changeBPM": false,
				"mustHitSection": false
			},
			{
				"lengthInSteps": 16,
				"typeOfSection": 0,
				"sectionNotes": [
					[
						89117.6470588234,
						2,
						0
					],
					[
						90176.4705882352,
						3,
						0
					],
					[
						88941.1764705881,
						1,
						0
					],
					[
						89029.4117647058,
						0,
						0
					],
					[
						89470.588235294,
						1,
						0
					],
					[
						89558.8235294116,
						1,
						0
					],
					[
						89647.0588235293,
						3,
						0
					],
					[
						89735.2941176469,
						1,
						0
					],
					[
						89823.5294117646,
						3,
						0
					],
					[
						89911.7647058822,
						1,
						0
					],
					[
						89999.9999999999,
						0,
						0
					],
					[
						89205.882352941,
						3,
						0
					],
					[
						89294.1176470587,
						0,
						0
					]
				],
				"altAnim": false,
				"gfSection": false,
				"bpm": 170,
				"changeBPM": false,
				"mustHitSection": true
			},
			{
				"lengthInSteps": 16,
				"typeOfSection": 0,
				"sectionNotes": [
					[
						90882.3529411763,
						0,
						0
					],
					[
						91411.7647058822,
						0,
						0
					],
					[
						90705.882352941,
						2,
						0
					],
					[
						91235.2941176469,
						2,
						0
					],
					[
						90352.9411764705,
						3,
						0
					],
					[
						90529.4117647058,
						1,
						0
					]
				],
				"altAnim": false,
				"gfSection": false,
				"bpm": 170,
				"changeBPM": false,
				"mustHitSection": true
			},
			{
				"lengthInSteps": 16,
				"typeOfSection": 0,
				"sectionNotes": [
					[
						91764.7058823528,
						3,
						0
					],
					[
						92117.6470588234,
						3,
						0
					],
					[
						92205.882352941,
						1,
						0
					],
					[
						92294.1176470587,
						2,
						0
					],
					[
						92382.3529411763,
						0,
						0
					],
					[
						92470.588235294,
						2,
						0
					],
					[
						92647.0588235293,
						3,
						0
					],
					[
						92823.5294117646,
						0,
						0
					],
					[
						92999.9999999999,
						2,
						0
					]
				],
				"altAnim": false,
				"gfSection": false,
				"bpm": 170,
				"changeBPM": false,
				"mustHitSection": false
			},
			{
				"lengthInSteps": 16,
				"typeOfSection": 0,
				"sectionNotes": [
					[
						93176.4705882352,
						1,
						0
					],
					[
						93264.7058823528,
						1,
						0
					],
					[
						93352.9411764705,
						1,
						0
					],
					[
						93529.4117647057,
						3,
						0
					],
					[
						93705.882352941,
						2,
						176.470588235294
					],
					[
						94058.8235294116,
						3,
						0
					],
					[
						94235.2941176469,
						1,
						264.705882352941
					]
				],
				"altAnim": false,
				"gfSection": false,
				"bpm": 170,
				"changeBPM": false,
				"mustHitSection": false
			},
			{
				"lengthInSteps": 16,
				"typeOfSection": 0,
				"sectionNotes": [
					[
						94588.2352941175,
						6,
						176.470588235294
					],
					[
						94588.2352941175,
						0,
						0
					],
					[
						94941.1764705881,
						0,
						0
					],
					[
						95029.4117647057,
						3,
						0
					],
					[
						95117.6470588234,
						1,
						0
					],
					[
						95205.882352941,
						2,
						0
					],
					[
						95294.1176470587,
						0,
						0
					],
					[
						95470.588235294,
						0,
						0
					],
					[
						95647.0588235293,
						1,
						0
					],
					[
						95823.5294117646,
						3,
						0
					]
				],
				"altAnim": false,
				"gfSection": false,
				"bpm": 170,
				"changeBPM": false,
				"mustHitSection": true
			},
			{
				"lengthInSteps": 16,
				"typeOfSection": 0,
				"sectionNotes": [
					[
						96529.4117647057,
						2,
						176.470588235294
					],
					[
						97058.8235294116,
						2,
						264.705882352941
					],
					[
						95999.9999999999,
						2,
						0
					],
					[
						96088.2352941175,
						2,
						0
					],
					[
						96176.4705882352,
						2,
						0
					],
					[
						96352.9411764704,
						0,
						0
					],
					[
						96882.3529411763,
						0,
						0
					]
				],
				"altAnim": false,
				"gfSection": false,
				"bpm": 170,
				"changeBPM": false,
				"mustHitSection": true
			},
			{
				"lengthInSteps": 16,
				"typeOfSection": 0,
				"sectionNotes": [
					[
						97411.7647058822,
						7,
						264.705882352941
					],
					[
						97411.7647058822,
						2,
						0
					],
					[
						97588.2352941175,
						3,
						0
					],
					[
						97764.7058823528,
						1,
						0
					],
					[
						97852.9411764704,
						0,
						0
					],
					[
						97941.1764705881,
						2,
						0
					],
					[
						98029.4117647057,
						1,
						0
					],
					[
						98117.6470588234,
						2,
						0
					],
					[
						98294.1176470587,
						2,
						0
					],
					[
						98470.588235294,
						1,
						0
					],
					[
						98647.0588235293,
						2,
						0
					],
					[
						97941.1764705881,
						6,
						264.705882352941
					],
					[
						98294.1176470587,
						4,
						264.705882352941
					]
				],
				"altAnim": false,
				"gfSection": false,
				"bpm": 170,
				"changeBPM": false,
				"mustHitSection": false
			},
			{
				"lengthInSteps": 16,
				"typeOfSection": 0,
				"sectionNotes": [
					[
						98823.5294117646,
						3,
						0
					],
					[
						98911.7647058822,
						0,
						0
					],
					[
						98999.9999999999,
						2,
						0
					],
					[
						99088.2352941175,
						1,
						0
					],
					[
						99176.4705882351,
						2,
						0
					],
					[
						99352.9411764704,
						1,
						0
					],
					[
						99529.4117647057,
						2,
						0
					],
					[
						99617.6470588234,
						0,
						0
					],
					[
						99705.882352941,
						2,
						0
					],
					[
						99794.1176470587,
						1,
						0
					],
					[
						99882.3529411763,
						0,
						264.705882352941
					],
					[
						98823.5294117646,
						7,
						264.705882352941
					],
					[
						99352.9411764704,
						6,
						264.705882352941
					],
					[
						99705.882352941,
						4,
						264.705882352941
					]
				],
				"altAnim": false,
				"gfSection": false,
				"bpm": 170,
				"changeBPM": false,
				"mustHitSection": false
			},
			{
				"lengthInSteps": 16,
				"typeOfSection": 0,
				"sectionNotes": [
					[
						100235.294117647,
						4,
						0
					],
					[
						100411.764705882,
						4,
						0
					],
					[
						100764.705882353,
						6,
						0
					],
					[
						100852.94117647,
						6,
						176.470588235294
					],
					[
						101117.647058823,
						7,
						0
					],
					[
						101294.117647059,
						7,
						264.705882352941
					],
					[
						100235.294117647,
						3,
						0
					],
					[
						100411.764705882,
						0,
						0
					],
					[
						100588.235294117,
						2,
						0
					],
					[
						100676.470588235,
						0,
						0
					],
					[
						100764.705882353,
						2,
						0
					],
					[
						100852.94117647,
						3,
						0
					],
					[
						100941.176470588,
						1,
						0
					],
					[
						101117.647058823,
						3,
						0
					],
					[
						101294.117647059,
						2,
						0
					],
					[
						101470.588235294,
						3,
						0
					]
				],
				"altAnim": false,
				"gfSection": false,
				"bpm": 170,
				"changeBPM": false,
				"mustHitSection": true
			},
			{
				"lengthInSteps": 16,
				"typeOfSection": 0,
				"sectionNotes": [
					[
						101647.058823529,
						4,
						0
					],
					[
						101823.529411765,
						4,
						0
					],
					[
						102000,
						4,
						0
					],
					[
						102088.235294117,
						7,
						0
					],
					[
						102176.470588235,
						6,
						264.705882352941
					],
					[
						102529.411764706,
						7,
						264.705882352941
					],
					[
						101647.058823529,
						0,
						0
					],
					[
						101735.294117647,
						1,
						0
					],
					[
						101823.529411765,
						0,
						0
					],
					[
						101911.764705882,
						2,
						0
					],
					[
						102000,
						3,
						0
					],
					[
						102176.470588235,
						2,
						0
					],
					[
						102352.94117647,
						3,
						0
					],
					[
						102441.176470588,
						3,
						0
					],
					[
						102529.411764706,
						2,
						0
					],
					[
						102617.647058823,
						2,
						0
					],
					[
						102705.882352941,
						3,
						264.705882352941
					]
				],
				"altAnim": false,
				"gfSection": false,
				"bpm": 170,
				"changeBPM": false,
				"mustHitSection": true
			},
			{
				"lengthInSteps": 16,
				"typeOfSection": 0,
				"sectionNotes": [
					[
						103058.823529412,
						0,
						0
					],
					[
						103411.764705882,
						0,
						0
					],
					[
						103235.294117647,
						0,
						0
					],
					[
						103323.529411765,
						1,
						0
					],
					[
						103588.235294117,
						3,
						0
					],
					[
						103941.176470588,
						1,
						0
					],
					[
						104117.647058823,
						0,
						0
					]
				],
				"altAnim": false,
				"gfSection": false,
				"bpm": 170,
				"changeBPM": false,
				"mustHitSection": false
			},
			{
				"lengthInSteps": 16,
				"typeOfSection": 0,
				"sectionNotes": [
					[
						104470.588235294,
						0,
						0
					],
					[
						104823.529411765,
						0,
						0
					],
					[
						104735.294117647,
						1,
						0
					],
					[
						105000,
						3,
						0
					],
					[
						105352.94117647,
						1,
						0
					],
					[
						104647.058823529,
						2,
						0
					],
					[
						105529.411764706,
						2,
						0
					]
				],
				"altAnim": false,
				"gfSection": false,
				"bpm": 170,
				"changeBPM": false,
				"mustHitSection": true
			},
			{
				"lengthInSteps": 16,
				"typeOfSection": 0,
				"sectionNotes": [
					[
						105882.352941176,
						0,
						0
					],
					[
						106058.823529412,
						2,
						0
					],
					[
						106235.294117647,
						1,
						0
					],
					[
						106411.764705882,
						0,
						0
					],
					[
						106588.235294117,
						4,
						0
					],
					[
						106764.705882353,
						7,
						0
					],
					[
						106941.176470588,
						6,
						0
					],
					[
						107117.647058823,
						7,
						0
					]
				],
				"altAnim": false,
				"gfSection": false,
				"bpm": 170,
				"changeBPM": false,
				"mustHitSection": false
			},
			{
				"lengthInSteps": 16,
				"typeOfSection": 0,
				"sectionNotes": [
					[
						108000,
						0,
						0
					],
					[
						108176.470588235,
						3,
						0
					],
					[
						108352.94117647,
						2,
						0
					],
					[
						107294.117647059,
						5,
						0
					],
					[
						107470.588235294,
						6,
						0
					],
					[
						107647.058823529,
						4,
						0
					],
					[
						107647.058823529,
						7,
						0
					],
					[
						107823.529411765,
						5,
						0
					],
					[
						108529.411764706,
						0,
						0
					],
					[
						108352.94117647,
						1,
						0
					]
				],
				"altAnim": false,
				"gfSection": false,
				"bpm": 170,
				"changeBPM": false,
				"mustHitSection": true
			},
			{
				"lengthInSteps": 16,
				"typeOfSection": 0,
				"sectionNotes": [
					[
						108794.117647059,
						3,
						0
					],
					[
						108882.352941176,
						1,
						0
					],
					[
						108705.882352941,
						0,
						0
					],
					[
						108970.588235294,
						2,
						0
					],
					[
						109058.823529412,
						0,
						0
					],
					[
						109147.058823529,
						3,
						0
					],
					[
						109235.294117647,
						1,
						0
					],
					[
						109323.529411765,
						2,
						0
					],
					[
						109411.764705882,
						7,
						0
					],
					[
						109500,
						4,
						0
					],
					[
						109588.235294117,
						6,
						0
					],
					[
						109676.470588235,
						7,
						0
					],
					[
						109764.705882353,
						7,
						0
					],
					[
						109852.94117647,
						4,
						0
					],
					[
						109941.176470588,
						6,
						0
					],
					[
						110029.411764706,
						7,
						0
					]
				],
				"altAnim": false,
				"gfSection": false,
				"bpm": 170,
				"changeBPM": false,
				"mustHitSection": false
			},
			{
				"lengthInSteps": 16,
				"typeOfSection": 0,
				"sectionNotes": [
					[
						110117.647058823,
						5,
						0
					],
					[
						110205.882352941,
						4,
						0
					],
					[
						110294.117647059,
						7,
						0
					],
					[
						110382.352941176,
						5,
						0
					],
					[
						110470.588235294,
						5,
						0
					],
					[
						110558.823529412,
						4,
						0
					],
					[
						110647.058823529,
						7,
						0
					],
					[
						110735.294117647,
						5,
						0
					],
					[
						110823.529411765,
						2,
						0
					],
					[
						110911.764705882,
						0,
						0
					],
					[
						111176.470588235,
						2,
						0
					],
					[
						111264.705882353,
						0,
						0
					],
					[
						111088.235294117,
						0,
						0
					],
					[
						111000,
						1,
						0
					],
					[
						111352.94117647,
						1,
						0
					],
					[
						111441.176470588,
						0,
						0
					]
				],
				"altAnim": false,
				"gfSection": false,
				"bpm": 170,
				"changeBPM": false,
				"mustHitSection": true
			},
			{
				"lengthInSteps": 16,
				"typeOfSection": 0,
				"sectionNotes": [
					[
						111529.411764706,
						1,
						88.2352941176471
					],
					[
						111705.882352941,
						3,
						88.2352941176471
					],
					[
						111882.352941176,
						0,
						88.2352941176471
					],
					[
						112058.823529412,
						2,
						88.2352941176471
					],
					[
						112323.529411765,
						0,
						0
					],
					[
						112411.764705882,
						3,
						88.2352941176471
					],
					[
						112235.294117647,
						1,
						0
					],
					[
						112588.235294117,
						0,
						0
					],
					[
						112676.470588235,
						3,
						0
					],
					[
						112764.705882353,
						2,
						0
					]
				],
				"altAnim": false,
				"gfSection": false,
				"bpm": 170,
				"changeBPM": false,
				"mustHitSection": false
			},
			{
				"lengthInSteps": 16,
				"typeOfSection": 0,
				"sectionNotes": [
					[
						112941.176470588,
						5,
						0
					],
					[
						112941.176470588,
						1,
						0
					],
					[
						113029.411764706,
						3,
						0
					],
					[
						113117.647058823,
						2,
						0
					],
					[
						113205.882352941,
						3,
						0
					],
					[
						113470.588235294,
						1,
						0
					],
					[
						113735.294117647,
						3,
						0
					],
					[
						113823.529411765,
						0,
						0
					],
					[
						113911.764705882,
						3,
						0
					],
					[
						114264.705882353,
						0,
						0
					],
					[
						113294.117647059,
						0,
						0
					],
					[
						113382.352941176,
						3,
						0
					],
					[
						113647.058823529,
						2,
						0
					],
					[
						113558.823529412,
						3,
						0
					],
					[
						114176.470588235,
						1,
						0
					],
					[
						114000,
						2,
						0
					],
					[
						114088.235294117,
						3,
						0
					],
					[
						113029.411764706,
						4,
						0
					],
					[
						113558.823529412,
						7,
						0
					],
					[
						113647.058823529,
						6,
						0
					],
					[
						113205.882352941,
						4,
						0
					],
					[
						113117.647058823,
						7,
						0
					],
					[
						113294.117647059,
						6,
						0
					],
					[
						113382.352941176,
						4,
						0
					],
					[
						113558.823529412,
						4,
						0
					],
					[
						113735.294117647,
						4,
						0
					],
					[
						113911.764705882,
						4,
						0
					],
					[
						114088.235294117,
						4,
						0
					],
					[
						113470.588235294,
						5,
						0
					],
					[
						113823.529411765,
						6,
						0
					],
					[
						114176.470588235,
						5,
						0
					],
					[
						114264.705882353,
						4,
						0
					],
					[
						114000,
						7,
						0
					]
				],
				"altAnim": false,
				"gfSection": false,
				"bpm": 170,
				"changeBPM": false,
				"mustHitSection": true
			},
			{
				"lengthInSteps": 16,
				"typeOfSection": 0,
				"sectionNotes": [
					[
						114705.882352941,
						7,
						1500
					],
					[
						115411.764705882,
						5,
						1676.47058823529
					],
					[
						114705.882352941,
						0,
						1500
					],
					[
						115411.764705882,
						1,
						1676.47058823529
					],
					[
						114705.882352941,
						2,
						970.588235294118
					],
					[
						114705.882352941,
						6,
						970.588235294118
					]
				],
				"altAnim": false,
				"gfSection": false,
				"bpm": 170,
				"changeBPM": false,
				"mustHitSection": true
			},
			{
				"lengthInSteps": 16,
				"typeOfSection": 0,
				"sectionNotes": [],
				"altAnim": false,
				"gfSection": false,
				"bpm": 170,
				"changeBPM": false,
				"mustHitSection": true
			},
			{
				"lengthInSteps": 16,
				"typeOfSection": 0,
				"sectionNotes": [],
				"altAnim": false,
				"gfSection": false,
				"bpm": 170,
				"changeBPM": false,
				"mustHitSection": true
			},
			{
				"lengthInSteps": 16,
				"typeOfSection": 0,
				"sectionNotes": [],
				"altAnim": false,
				"gfSection": false,
				"bpm": 170,
				"changeBPM": false,
				"mustHitSection": true
			},
			{
				"lengthInSteps": 16,
				"typeOfSection": 0,
				"sectionNotes": [],
				"altAnim": false,
				"gfSection": false,
				"bpm": 170,
				"changeBPM": false,
				"mustHitSection": true
			},
			{
				"lengthInSteps": 16,
				"typeOfSection": 0,
				"sectionNotes": [],
				"altAnim": false,
				"gfSection": false,
				"bpm": 170,
				"changeBPM": false,
				"mustHitSection": true
			},
			{
				"lengthInSteps": 16,
				"typeOfSection": 0,
				"sectionNotes": [],
				"altAnim": false,
				"gfSection": false,
				"bpm": 170,
				"changeBPM": false,
				"mustHitSection": true
			},
			{
				"lengthInSteps": 16,
				"typeOfSection": 0,
				"sectionNotes": [],
				"altAnim": false,
				"gfSection": false,
				"bpm": 170,
				"changeBPM": false,
				"mustHitSection": true
			},
			{
				"lengthInSteps": 16,
				"typeOfSection": 0,
				"sectionNotes": [],
				"altAnim": false,
				"gfSection": false,
				"bpm": 170,
				"changeBPM": false,
				"mustHitSection": true
			},
			{
				"lengthInSteps": 16,
				"typeOfSection": 0,
				"sectionNotes": [],
				"altAnim": false,
				"gfSection": false,
				"bpm": 170,
				"changeBPM": false,
				"mustHitSection": true
			},
			{
				"lengthInSteps": 16,
				"typeOfSection": 0,
				"sectionNotes": [],
				"altAnim": false,
				"gfSection": false,
				"bpm": 170,
				"changeBPM": false,
				"mustHitSection": true
			},
			{
				"lengthInSteps": 16,
				"typeOfSection": 0,
				"sectionNotes": [],
				"altAnim": false,
				"gfSection": false,
				"bpm": 170,
				"changeBPM": false,
				"mustHitSection": true
			},
			{
				"lengthInSteps": 16,
				"typeOfSection": 0,
				"sectionNotes": [],
				"altAnim": false,
				"gfSection": false,
				"bpm": 170,
				"changeBPM": false,
				"mustHitSection": true
			},
			{
				"sectionNotes": [],
				"typeOfSection": 0,
				"lengthInSteps": 16,
				"gfSection": false,
				"altAnim": false,
				"mustHitSection": true,
				"changeBPM": false,
				"bpm": 170
			},
			{
				"gfSection": false,
				"lengthInSteps": 16,
				"altAnim": false,
				"typeOfSection": 0,
				"sectionNotes": [],
				"bpm": 170,
				"changeBPM": false,
				"mustHitSection": true
			},
			{
				"gfSection": false,
				"lengthInSteps": 16,
				"altAnim": false,
				"typeOfSection": 0,
				"sectionNotes": [],
				"bpm": 170,
				"changeBPM": false,
				"mustHitSection": true
			},
			{
				"gfSection": false,
				"lengthInSteps": 16,
				"altAnim": false,
				"typeOfSection": 0,
				"sectionNotes": [],
				"bpm": 170,
				"changeBPM": false,
				"mustHitSection": true
			},
			{
				"gfSection": false,
				"lengthInSteps": 16,
				"altAnim": false,
				"typeOfSection": 0,
				"sectionNotes": [],
				"bpm": 170,
				"changeBPM": false,
				"mustHitSection": true
			},
			{
				"gfSection": false,
				"lengthInSteps": 16,
				"altAnim": false,
				"typeOfSection": 0,
				"sectionNotes": [],
				"bpm": 170,
				"changeBPM": false,
				"mustHitSection": true
			},
			{
				"gfSection": false,
				"lengthInSteps": 16,
				"altAnim": false,
				"typeOfSection": 0,
				"sectionNotes": [],
				"bpm": 170,
				"changeBPM": false,
				"mustHitSection": true
			},
			{
				"gfSection": false,
				"lengthInSteps": 16,
				"altAnim": false,
				"typeOfSection": 0,
				"sectionNotes": [],
				"bpm": 170,
				"changeBPM": false,
				"mustHitSection": true
			},
			{
				"gfSection": false,
				"lengthInSteps": 16,
				"altAnim": false,
				"typeOfSection": 0,
				"sectionNotes": [],
				"bpm": 170,
				"changeBPM": false,
				"mustHitSection": true
			},
			{
				"gfSection": false,
				"lengthInSteps": 16,
				"altAnim": false,
				"typeOfSection": 0,
				"sectionNotes": [],
				"bpm": 170,
				"changeBPM": false,
				"mustHitSection": true
			},
			{
				"gfSection": false,
				"lengthInSteps": 16,
				"altAnim": false,
				"typeOfSection": 0,
				"sectionNotes": [],
				"bpm": 170,
				"changeBPM": false,
				"mustHitSection": true
			},
			{
				"gfSection": false,
				"lengthInSteps": 16,
				"altAnim": false,
				"typeOfSection": 0,
				"sectionNotes": [],
				"bpm": 170,
				"changeBPM": false,
				"mustHitSection": true
			},
			{
				"gfSection": false,
				"lengthInSteps": 16,
				"altAnim": false,
				"typeOfSection": 0,
				"sectionNotes": [],
				"bpm": 170,
				"changeBPM": false,
				"mustHitSection": true
			}
		],
		"gfVersion": "gf",
		"player3": null,
		"splashSkin": "noteSplashes",
		"song": "Scratch",
		"stage": "Pool",
		"validScore": true,
		"arrowSkin": "",
		"needsVoices": true,
		"speed": 2.5,
		"bpm": 170
	}
}