{
	"animations": [
		[
			"idle",
			"idle",
			24,
			false,
			[]
		],
		[
			"singLEFT",
			"left",
			24,
			false,
			[]
		],
		[
			"singDOWN",
			"down",
			24,
			false,
			[]
		],
		[
			"singUP",
			"up",
			24,
			false,
			[]
		],
		[
			"singRIGHT",
			"right",
			24,
			false,
			[]
		]
	],
	"afterimage": [],
	"barRGBA": [
		245,
		255,
		110,
		100
	],
	"charPos": [
		0,
		0
	],
	"offsets": [
		[
			"idle",
			0,
			0
		],
		[
			"singLEFT",
			-10,
			-6
		],
		[
			"singDOWN",
			0,
			-67
		],
		[
			"singUP",
			0,
			25
		],
		[
			"singRIGHT",
			-60,
			-12
		]
	],
	"flipX": false,
	"cameraPos": [
		204,
		-107
	],
	"icon": "chama",
	"idle": [
		"idle"
	],
	"antialiasing": true,
	"assets": [
		"characters/ChamaChristmas"
	]
}