{
	"animations": [
		[
			"singLEFT",
			"Dad Sing Note LEFT",
			24,
			false,
			[]
		],
		[
			"singDOWN",
			"Dad Sing Note DOWN",
			24,
			false,
			[]
		],
		[
			"singUP",
			"Dad Sing Note UP",
			24,
			false,
			[]
		],
		[
			"singRIGHT",
			"Dad Sing Note RIGHT",
			24,
			false,
			[]
		],
		[
			"idle",
			"Dad idle dance",
			24,
			false,
			[]
		],
		[
			"idleALT",
			"calm idle",
			24,
			false,
			[]
		],
		[
			"leftALT",
			"left scream",
			24,
			false,
			[]
		],
		[
			"downALT",
			"down scream",
			24,
			false,
			[]
		],
		[
			"upALT",
			"up scream",
			24,
			false,
			[]
		],
		[
			"rightALT",
			"right scream",
			24,
			false,
			[]
		],
		[
			"ugh",
			"ROOSH",
			24,
			false,
			[]
		]
	],
	"afterimage": [],
	"barRGBA": [
		25,
		255,
		180,
		100
	],
	"charPos": [
		0,
		0
	],
	"offsets": [
		[
			"singLEFT",
			41,
			101
		],
		[
			"singDOWN",
			-8,
			73
		],
		[
			"singUP",
			-14,
			83
		],
		[
			"singRIGHT",
			20,
			57
		],
		[
			"idle",
			0,
			0
		],
		[
			"idleALT",
			-89,
			6
		],
		[
			"leftALT",
			22,
			47
		],
		[
			"downALT",
			15,
			21
		],
		[
			"upALT",
			66,
			51
		],
		[
			"rightALT",
			-70,
			-16
		],
		[
			"ugh",
			-14,
			-88
		]
	],
	"flipX": false,
	"cameraPos": [
		80,
		-120
	],
	"icon": "rushia",
	"idle": [
		"idleALT"
	],
	"antialiasing": true,
	"assets": [
		"characters/Russia"
	],
	"scale": 0.85
}