{
	"song": {
		"player1": "bf",
		"gfVersion": "gf",
		"notes": [
			{
				"sectionNotes": [],
				"typeOfSection": 0,
				"lengthInSteps": 16,
				"gfSection": false,
				"altAnim": false,
				"mustHitSection": false,
				"changeBPM": false,
				"bpm": 150
			},
			{
				"sectionNotes": [],
				"typeOfSection": 0,
				"lengthInSteps": 16,
				"gfSection": false,
				"altAnim": false,
				"mustHitSection": true,
				"changeBPM": false,
				"bpm": 150
			},
			{
				"lengthInSteps": 16,
				"typeOfSection": 0,
				"sectionNotes": [
					[
						4571.42857142857,
						1,
						428.571428571429
					],
					[
						5142.85714285714,
						3,
						142.857142857143
					],
					[
						5428.57142857143,
						0,
						428.571428571429
					],
					[
						6000,
						0,
						0
					],
					[
						6571.42857142857,
						3,
						0
					]
				],
				"altAnim": false,
				"gfSection": false,
				"bpm": 150,
				"changeBPM": false,
				"mustHitSection": false
			},
			{
				"sectionNotes": [
					[
						6857.14285714286,
						1,
						428.571428571429
					],
					[
						7428.57142857143,
						3,
						142.857142857143
					],
					[
						7714.28571428571,
						0,
						428.571428571429
					]
				],
				"typeOfSection": 0,
				"lengthInSteps": 16,
				"gfSection": false,
				"altAnim": false,
				"mustHitSection": false,
				"changeBPM": false,
				"bpm": 170
			},
			{
				"lengthInSteps": 16,
				"typeOfSection": 0,
				"sectionNotes": [
					[
						9142.85714285714,
						1,
						428.571428571429
					],
					[
						9714.28571428571,
						2,
						142.857142857143
					],
					[
						10000,
						0,
						428.571428571429
					],
					[
						10571.4285714286,
						2,
						571.428571428571
					]
				],
				"altAnim": false,
				"gfSection": false,
				"bpm": 170,
				"changeBPM": false,
				"mustHitSection": false
			},
			{
				"lengthInSteps": 16,
				"typeOfSection": 0,
				"sectionNotes": [
					[
						11428.5714285714,
						2,
						0
					],
					[
						12000,
						3,
						142.857142857143
					],
					[
						12285.7142857143,
						0,
						571.428571428571
					]
				],
				"altAnim": false,
				"gfSection": false,
				"bpm": 105,
				"changeBPM": false,
				"mustHitSection": false
			},
			{
				"lengthInSteps": 16,
				"typeOfSection": 0,
				"sectionNotes": [
					[
						14285.7142857143,
						0,
						142.857142857143
					],
					[
						14571.4285714286,
						3,
						428.571428571429
					],
					[
						13714.2857142857,
						2,
						428.571428571429
					],
					[
						15142.8571428571,
						3,
						0
					],
					[
						15714.2857142857,
						2,
						142.857142857143
					]
				],
				"altAnim": false,
				"gfSection": false,
				"bpm": 105,
				"changeBPM": false,
				"mustHitSection": true
			},
			{
				"lengthInSteps": 16,
				"typeOfSection": 0,
				"sectionNotes": [
					[
						16000,
						2,
						428.571428571429
					],
					[
						16571.4285714286,
						0,
						142.857142857143
					],
					[
						16857.1428571429,
						3,
						428.571428571429
					]
				],
				"altAnim": false,
				"gfSection": false,
				"bpm": 105,
				"changeBPM": false,
				"mustHitSection": true
			},
			{
				"lengthInSteps": 16,
				"typeOfSection": 0,
				"sectionNotes": [
					[
						18285.7142857143,
						2,
						285.714285714286
					],
					[
						19142.8571428571,
						0,
						428.571428571429
					],
					[
						18857.1428571429,
						2,
						142.857142857143
					],
					[
						19714.2857142857,
						3,
						714.285714285714
					]
				],
				"altAnim": false,
				"gfSection": false,
				"bpm": 105,
				"changeBPM": false,
				"mustHitSection": true
			},
			{
				"lengthInSteps": 16,
				"typeOfSection": 0,
				"sectionNotes": [
					[
						20571.4285714286,
						2,
						0
					],
					[
						21142.8571428571,
						0,
						142.857142857143
					],
					[
						21428.5714285714,
						3,
						571.428571428571
					]
				],
				"altAnim": false,
				"gfSection": false,
				"bpm": 105,
				"changeBPM": false,
				"mustHitSection": true
			},
			{
				"lengthInSteps": 16,
				"typeOfSection": 0,
				"sectionNotes": [
					[
						22857.1428571429,
						0,
						0
					],
					[
						23428.5714285714,
						2,
						0
					],
					[
						23714.2857142857,
						0,
						428.571428571429
					],
					[
						24285.7142857143,
						3,
						142.857142857143
					],
					[
						24571.4285714286,
						1,
						428.571428571429
					]
				],
				"altAnim": false,
				"gfSection": false,
				"bpm": 105,
				"changeBPM": false,
				"mustHitSection": false
			},
			{
				"lengthInSteps": 16,
				"typeOfSection": 0,
				"sectionNotes": [
					[
						25142.8571428571,
						3,
						0
					],
					[
						25714.2857142857,
						2,
						0
					],
					[
						26000,
						0,
						428.571428571429
					]
				],
				"altAnim": false,
				"gfSection": false,
				"bpm": 105,
				"changeBPM": false,
				"mustHitSection": false
			},
			{
				"lengthInSteps": 16,
				"typeOfSection": 0,
				"sectionNotes": [
					[
						27428.5714285714,
						0,
						142.857142857143
					],
					[
						28285.7142857143,
						0,
						428.571428571429
					],
					[
						28857.1428571429,
						1,
						142.857142857143
					],
					[
						29142.8571428571,
						0,
						428.571428571429
					],
					[
						28000,
						3,
						0
					]
				],
				"altAnim": false,
				"gfSection": false,
				"bpm": 105,
				"changeBPM": false,
				"mustHitSection": false
			},
			{
				"lengthInSteps": 16,
				"typeOfSection": 0,
				"sectionNotes": [
					[
						29714.2857142857,
						0,
						142.857142857143
					],
					[
						30571.4285714286,
						0,
						571.428571428571
					],
					[
						30285.7142857143,
						3,
						0
					]
				],
				"altAnim": false,
				"gfSection": false,
				"bpm": 105,
				"changeBPM": false,
				"mustHitSection": false
			},
			{
				"lengthInSteps": 16,
				"typeOfSection": 0,
				"sectionNotes": [
					[
						32000,
						3,
						0
					],
					[
						32571.4285714286,
						3,
						0
					],
					[
						32857.1428571429,
						3,
						428.571428571429
					],
					[
						33428.5714285714,
						2,
						142.857142857143
					],
					[
						33714.2857142857,
						0,
						285.714285714286
					]
				],
				"altAnim": false,
				"gfSection": false,
				"bpm": 105,
				"changeBPM": false,
				"mustHitSection": true
			},
			{
				"lengthInSteps": 16,
				"typeOfSection": 0,
				"sectionNotes": [
					[
						34285.7142857143,
						3,
						0
					],
					[
						34857.1428571429,
						1,
						0
					],
					[
						35142.8571428571,
						3,
						428.571428571429
					]
				],
				"altAnim": false,
				"gfSection": false,
				"bpm": 105,
				"changeBPM": false,
				"mustHitSection": true
			},
			{
				"lengthInSteps": 16,
				"typeOfSection": 0,
				"sectionNotes": [
					[
						36571.4285714286,
						3,
						142.857142857143
					],
					[
						37142.8571428571,
						3,
						0
					],
					[
						37428.5714285714,
						3,
						428.571428571429
					],
					[
						38000,
						2,
						142.857142857143
					],
					[
						38285.7142857143,
						3,
						428.571428571429
					]
				],
				"altAnim": false,
				"gfSection": false,
				"bpm": 105,
				"changeBPM": false,
				"mustHitSection": true
			},
			{
				"lengthInSteps": 16,
				"typeOfSection": 0,
				"sectionNotes": [
					[
						38857.1428571429,
						2,
						142.857142857143
					],
					[
						39428.5714285714,
						0,
						0
					],
					[
						39714.2857142857,
						3,
						571.428571428571
					]
				],
				"altAnim": false,
				"gfSection": false,
				"bpm": 105,
				"changeBPM": false,
				"mustHitSection": true
			},
			{
				"lengthInSteps": 16,
				"typeOfSection": 0,
				"sectionNotes": [
					[
						41142.8571428571,
						7,
						0
					],
					[
						41714.2857142857,
						5,
						142.857142857143
					],
					[
						42000,
						6,
						142.857142857143
					],
					[
						42285.7142857143,
						2,
						0
					],
					[
						42857.1428571429,
						3,
						142.857142857143
					],
					[
						43142.8571428571,
						2,
						142.857142857143
					]
				],
				"altAnim": false,
				"gfSection": false,
				"bpm": 105,
				"changeBPM": false,
				"mustHitSection": true
			},
			{
				"lengthInSteps": 16,
				"typeOfSection": 0,
				"sectionNotes": [
					[
						43428.5714285714,
						3,
						0
					],
					[
						44000,
						0,
						142.857142857143
					],
					[
						44571.4285714286,
						3,
						142.857142857143
					],
					[
						44857.1428571428,
						1,
						142.857142857143
					],
					[
						43428.5714285714,
						7,
						0
					],
					[
						44000,
						4,
						142.857142857143
					],
					[
						44571.4285714286,
						7,
						142.857142857143
					],
					[
						44857.1428571428,
						5,
						142.857142857143
					]
				],
				"altAnim": false,
				"gfSection": false,
				"bpm": 105,
				"changeBPM": false,
				"mustHitSection": true
			},
			{
				"lengthInSteps": 16,
				"typeOfSection": 0,
				"sectionNotes": [
					[
						45714.2857142857,
						2,
						142.857142857143
					],
					[
						46285.7142857143,
						0,
						142.857142857143
					],
					[
						46857.1428571428,
						3,
						0
					],
					[
						47142.8571428571,
						1,
						0
					],
					[
						47428.5714285714,
						0,
						142.857142857143
					]
				],
				"altAnim": false,
				"gfSection": false,
				"bpm": 105,
				"changeBPM": false,
				"mustHitSection": false
			},
			{
				"lengthInSteps": 16,
				"typeOfSection": 0,
				"sectionNotes": [
					[
						48000,
						2,
						142.857142857143
					],
					[
						48285.7142857143,
						1,
						142.857142857143
					],
					[
						48571.4285714286,
						0,
						142.857142857143
					],
					[
						48857.1428571428,
						1,
						142.857142857143
					],
					[
						49142.8571428571,
						2,
						285.714285714286
					],
					[
						49714.2857142857,
						0,
						285.714285714286
					]
				],
				"altAnim": false,
				"gfSection": false,
				"bpm": 105,
				"changeBPM": false,
				"mustHitSection": false
			},
			{
				"lengthInSteps": 16,
				"typeOfSection": 0,
				"sectionNotes": [
					[
						50285.7142857143,
						2,
						142.857142857143
					],
					[
						50857.1428571428,
						3,
						142.857142857143
					],
					[
						51428.5714285714,
						0,
						0
					],
					[
						52000,
						3,
						142.857142857143
					],
					[
						51714.2857142857,
						1,
						0
					]
				],
				"altAnim": false,
				"gfSection": false,
				"bpm": 105,
				"changeBPM": false,
				"mustHitSection": true
			},
			{
				"lengthInSteps": 16,
				"typeOfSection": 0,
				"sectionNotes": [
					[
						52571.4285714286,
						2,
						142.857142857143
					],
					[
						53142.8571428571,
						3,
						142.857142857143
					],
					[
						53714.2857142857,
						1,
						428.571428571429
					],
					[
						54285.7142857143,
						3,
						285.714285714286
					]
				],
				"altAnim": false,
				"gfSection": false,
				"bpm": 105,
				"changeBPM": false,
				"mustHitSection": true
			},
			{
				"lengthInSteps": 16,
				"typeOfSection": 0,
				"sectionNotes": [
					[
						54857.1428571428,
						3,
						142.857142857143
					],
					[
						55428.5714285714,
						0,
						142.857142857143
					],
					[
						56000,
						2,
						0
					],
					[
						56571.4285714286,
						0,
						0
					]
				],
				"altAnim": false,
				"gfSection": false,
				"bpm": 105,
				"changeBPM": false,
				"mustHitSection": false
			},
			{
				"lengthInSteps": 16,
				"typeOfSection": 0,
				"sectionNotes": [
					[
						57142.8571428571,
						3,
						0
					],
					[
						57428.5714285714,
						0,
						0
					],
					[
						58285.7142857143,
						1,
						142.857142857143
					],
					[
						58857.1428571428,
						1,
						428.571428571429
					],
					[
						57714.2857142857,
						3,
						0
					],
					[
						58000,
						0,
						142.857142857143
					]
				],
				"altAnim": false,
				"gfSection": false,
				"bpm": 105,
				"changeBPM": false,
				"mustHitSection": false
			},
			{
				"lengthInSteps": 16,
				"typeOfSection": 0,
				"sectionNotes": [
					[
						59428.5714285714,
						3,
						142.857142857143
					],
					[
						60000,
						0,
						142.857142857143
					],
					[
						60571.4285714285,
						3,
						0
					],
					[
						61142.8571428571,
						3,
						0
					]
				],
				"altAnim": false,
				"gfSection": false,
				"bpm": 105,
				"changeBPM": false,
				"mustHitSection": true
			},
			{
				"lengthInSteps": 16,
				"typeOfSection": 0,
				"sectionNotes": [
					[
						61714.2857142857,
						3,
						0
					],
					[
						62000,
						0,
						0
					],
					[
						63428.5714285714,
						2,
						428.571428571429
					],
					[
						62285.7142857143,
						3,
						0
					],
					[
						62571.4285714285,
						0,
						142.857142857143
					],
					[
						62857.1428571428,
						1,
						142.857142857143
					]
				],
				"altAnim": false,
				"gfSection": false,
				"bpm": 105,
				"changeBPM": false,
				"mustHitSection": true
			},
			{
				"lengthInSteps": 16,
				"typeOfSection": 0,
				"sectionNotes": [
					[
						64285.7142857142,
						0,
						0
					],
					[
						65714.2857142857,
						1,
						0
					],
					[
						66000,
						2,
						142.857142857143
					],
					[
						64857.1428571428,
						0,
						0
					],
					[
						64571.4285714285,
						1,
						0
					],
					[
						65428.5714285714,
						0,
						0
					]
				],
				"altAnim": false,
				"gfSection": false,
				"bpm": 105,
				"changeBPM": false,
				"mustHitSection": false
			},
			{
				"lengthInSteps": 16,
				"typeOfSection": 0,
				"sectionNotes": [
					[
						66571.4285714285,
						3,
						285.714285714286
					],
					[
						67142.8571428571,
						1,
						285.714285714286
					],
					[
						67714.2857142857,
						2,
						285.714285714286
					],
					[
						68285.7142857142,
						0,
						285.714285714286
					]
				],
				"altAnim": false,
				"gfSection": false,
				"bpm": 105,
				"changeBPM": false,
				"mustHitSection": false
			},
			{
				"lengthInSteps": 16,
				"typeOfSection": 0,
				"sectionNotes": [
					[
						68857.1428571428,
						0,
						0
					],
					[
						69142.8571428571,
						1,
						0
					],
					[
						70000,
						0,
						0
					],
					[
						69428.5714285714,
						0,
						0
					],
					[
						70285.7142857142,
						1,
						0
					],
					[
						70571.4285714285,
						2,
						0
					]
				],
				"altAnim": false,
				"gfSection": false,
				"bpm": 105,
				"changeBPM": false,
				"mustHitSection": false
			},
			{
				"lengthInSteps": 16,
				"typeOfSection": 0,
				"sectionNotes": [
					[
						71142.8571428571,
						2,
						0
					],
					[
						72857.1428571428,
						0,
						142.857142857143
					],
					[
						71714.2857142857,
						1,
						0
					],
					[
						72285.7142857143,
						3,
						0
					]
				],
				"altAnim": false,
				"gfSection": false,
				"bpm": 105,
				"changeBPM": false,
				"mustHitSection": false
			},
			{
				"lengthInSteps": 16,
				"typeOfSection": 0,
				"sectionNotes": [
					[
						73428.5714285714,
						0,
						0
					],
					[
						75142.8571428571,
						3,
						142.857142857143
					],
					[
						73714.2857142857,
						1,
						0
					],
					[
						74000,
						0,
						0
					],
					[
						74571.4285714286,
						0,
						0
					],
					[
						74857.1428571428,
						1,
						0
					]
				],
				"altAnim": false,
				"gfSection": false,
				"bpm": 105,
				"changeBPM": false,
				"mustHitSection": true
			},
			{
				"lengthInSteps": 16,
				"typeOfSection": 0,
				"sectionNotes": [
					[
						75714.2857142857,
						0,
						285.714285714286
					],
					[
						76285.7142857143,
						2,
						285.714285714286
					],
					[
						76857.1428571428,
						3,
						285.714285714286
					],
					[
						77428.5714285714,
						3,
						285.714285714286
					]
				],
				"altAnim": false,
				"gfSection": false,
				"bpm": 105,
				"changeBPM": false,
				"mustHitSection": true
			},
			{
				"lengthInSteps": 16,
				"typeOfSection": 0,
				"sectionNotes": [
					[
						78000,
						0,
						0
					],
					[
						78285.7142857143,
						1,
						0
					],
					[
						79142.8571428571,
						0,
						0
					],
					[
						78571.4285714286,
						0,
						0
					],
					[
						79428.5714285714,
						1,
						0
					],
					[
						79714.2857142857,
						3,
						0
					]
				],
				"altAnim": false,
				"gfSection": false,
				"bpm": 105,
				"changeBPM": false,
				"mustHitSection": true
			},
			{
				"lengthInSteps": 16,
				"typeOfSection": 0,
				"sectionNotes": [
					[
						80285.7142857143,
						3,
						0
					],
					[
						82000,
						3,
						142.857142857143
					],
					[
						81428.5714285714,
						3,
						0
					],
					[
						80857.1428571428,
						1,
						0
					]
				],
				"altAnim": false,
				"gfSection": false,
				"bpm": 105,
				"changeBPM": false,
				"mustHitSection": true
			},
			{
				"lengthInSteps": 16,
				"typeOfSection": 0,
				"sectionNotes": [
					[
						82857.1428571428,
						2,
						0
					],
					[
						83428.5714285714,
						3,
						142.857142857143
					],
					[
						84000,
						3,
						142.857142857143
					],
					[
						84285.7142857143,
						0,
						1000
					]
				],
				"altAnim": false,
				"gfSection": false,
				"bpm": 105,
				"changeBPM": false,
				"mustHitSection": false
			},
			{
				"lengthInSteps": 16,
				"typeOfSection": 0,
				"sectionNotes": [
					[
						85428.5714285714,
						1,
						714.285714285714
					],
					[
						86285.7142857143,
						0,
						1142.85714285714
					]
				],
				"altAnim": false,
				"gfSection": false,
				"bpm": 105,
				"changeBPM": false,
				"mustHitSection": false
			},
			{
				"lengthInSteps": 16,
				"typeOfSection": 0,
				"sectionNotes": [
					[
						87428.5714285714,
						2,
						0
					],
					[
						88000,
						3,
						142.857142857143
					],
					[
						88571.4285714286,
						3,
						142.857142857143
					],
					[
						88857.1428571428,
						0,
						1000
					]
				],
				"altAnim": false,
				"gfSection": false,
				"bpm": 105,
				"changeBPM": false,
				"mustHitSection": true
			},
			{
				"lengthInSteps": 16,
				"typeOfSection": 0,
				"sectionNotes": [
					[
						90000,
						2,
						714.285714285714
					],
					[
						90857.1428571429,
						3,
						1000
					]
				],
				"altAnim": false,
				"gfSection": false,
				"bpm": 105,
				"changeBPM": false,
				"mustHitSection": true
			},
			{
				"lengthInSteps": 16,
				"typeOfSection": 0,
				"sectionNotes": [
					[
						92000,
						2,
						0
					],
					[
						92571.4285714286,
						3,
						0
					],
					[
						92857.1428571429,
						0,
						0
					],
					[
						93142.8571428571,
						2,
						571.428571428571
					]
				],
				"altAnim": false,
				"gfSection": false,
				"bpm": 105,
				"changeBPM": false,
				"mustHitSection": false
			},
			{
				"lengthInSteps": 16,
				"typeOfSection": 0,
				"sectionNotes": [
					[
						94285.7142857143,
						2,
						0
					],
					[
						94857.1428571429,
						3,
						0
					],
					[
						95142.8571428572,
						0,
						0
					],
					[
						95428.5714285714,
						0,
						571.428571428571
					]
				],
				"altAnim": false,
				"gfSection": false,
				"bpm": 105,
				"changeBPM": false,
				"mustHitSection": true
			},
			{
				"lengthInSteps": 16,
				"typeOfSection": 0,
				"sectionNotes": [
					[
						96000,
						5,
						0
					],
					[
						96285.7142857143,
						5,
						0
					],
					[
						96571.4285714286,
						7,
						142.857142857143
					],
					[
						96857.1428571429,
						5,
						142.857142857143
					],
					[
						97142.8571428572,
						3,
						0
					],
					[
						97428.5714285714,
						3,
						0
					],
					[
						97714.2857142857,
						2,
						142.857142857143
					],
					[
						98000,
						1,
						142.857142857143
					]
				],
				"altAnim": false,
				"gfSection": false,
				"bpm": 105,
				"changeBPM": false,
				"mustHitSection": true
			},
			{
				"lengthInSteps": 16,
				"typeOfSection": 0,
				"sectionNotes": [
					[
						98285.7142857143,
						3,
						0
					],
					[
						98571.4285714286,
						1,
						0
					],
					[
						98857.1428571429,
						1,
						142.857142857143
					],
					[
						98285.7142857143,
						7,
						0
					],
					[
						98571.4285714286,
						5,
						0
					],
					[
						98857.1428571429,
						5,
						142.857142857143
					],
					[
						99142.8571428572,
						0,
						142.857142857143
					],
					[
						99142.8571428572,
						7,
						142.857142857143
					],
					[
						99428.5714285714,
						1,
						142.857142857143
					],
					[
						99714.2857142857,
						7,
						142.857142857143
					],
					[
						99714.2857142857,
						0,
						142.857142857143
					],
					[
						100000,
						1,
						142.857142857143
					],
					[
						100000,
						5,
						142.857142857143
					],
					[
						99428.5714285714,
						6,
						142.857142857143
					]
				],
				"altAnim": false,
				"gfSection": false,
				"bpm": 105,
				"changeBPM": false,
				"mustHitSection": true
			},
			{
				"lengthInSteps": 16,
				"typeOfSection": 0,
				"sectionNotes": [
					[
						100571.428571429,
						0,
						0
					],
					[
						101000,
						0,
						0
					],
					[
						101428.571428571,
						0,
						0
					],
					[
						101714.285714286,
						2,
						285.714285714286
					],
					[
						102285.714285714,
						3,
						285.714285714286
					],
					[
						100571.428571429,
						4,
						0
					],
					[
						101000,
						4,
						0
					],
					[
						101428.571428571,
						4,
						0
					],
					[
						101714.285714286,
						5,
						285.714285714286
					],
					[
						102285.714285714,
						6,
						285.714285714286
					]
				],
				"altAnim": false,
				"gfSection": false,
				"bpm": 105,
				"changeBPM": false,
				"mustHitSection": true
			},
			{
				"lengthInSteps": 16,
				"typeOfSection": 0,
				"sectionNotes": [
					[
						102857.142857143,
						1,
						0
					],
					[
						103285.714285714,
						1,
						0
					],
					[
						103714.285714286,
						1,
						0
					],
					[
						104000,
						2,
						285.714285714286
					],
					[
						104571.428571429,
						3,
						285.714285714286
					],
					[
						104000,
						6,
						285.714285714286
					],
					[
						104571.428571429,
						7,
						285.714285714286
					],
					[
						102857.142857143,
						7,
						0
					],
					[
						103285.714285714,
						7,
						0
					],
					[
						103714.285714286,
						7,
						0
					]
				],
				"altAnim": false,
				"gfSection": false,
				"bpm": 105,
				"changeBPM": false,
				"mustHitSection": true
			},
			{
				"lengthInSteps": 16,
				"typeOfSection": 0,
				"sectionNotes": [
					[
						105142.857142857,
						3,
						0
					],
					[
						105571.428571429,
						3,
						0
					],
					[
						106000,
						3,
						0
					],
					[
						106285.714285714,
						2,
						0
					],
					[
						106857.142857143,
						0,
						0
					],
					[
						106000,
						7,
						0
					],
					[
						106857.142857143,
						4,
						0
					],
					[
						105142.857142857,
						4,
						0
					],
					[
						105571.428571429,
						5,
						0
					],
					[
						106285.714285714,
						4,
						0
					]
				],
				"altAnim": false,
				"gfSection": false,
				"bpm": 105,
				"changeBPM": false,
				"mustHitSection": true
			},
			{
				"lengthInSteps": 16,
				"typeOfSection": 0,
				"sectionNotes": [
					[
						107428.571428571,
						0,
						0
					],
					[
						107857.142857143,
						3,
						142.857142857143
					],
					[
						108285.714285714,
						3,
						142.857142857143
					],
					[
						108571.428571429,
						2,
						0
					],
					[
						108857.142857143,
						3,
						0
					],
					[
						109142.857142857,
						2,
						0
					],
					[
						109428.571428571,
						3,
						0
					],
					[
						107428.571428571,
						5,
						0
					],
					[
						108571.428571429,
						5,
						0
					],
					[
						108857.142857143,
						5,
						0
					],
					[
						109142.857142857,
						5,
						0
					],
					[
						109428.571428571,
						5,
						0
					],
					[
						107857.142857143,
						7,
						142.857142857143
					],
					[
						108285.714285714,
						7,
						142.857142857143
					]
				],
				"altAnim": false,
				"gfSection": false,
				"bpm": 105,
				"changeBPM": false,
				"mustHitSection": true
			},
			{
				"lengthInSteps": 16,
				"typeOfSection": 0,
				"sectionNotes": [
					[
						109714.285714286,
						4,
						0
					],
					[
						110142.857142857,
						4,
						0
					],
					[
						110571.428571429,
						4,
						0
					],
					[
						109714.285714286,
						3,
						0
					],
					[
						110142.857142857,
						3,
						0
					],
					[
						110571.428571429,
						3,
						0
					],
					[
						110857.142857143,
						4,
						285.714285714286
					],
					[
						110857.142857143,
						1,
						285.714285714286
					],
					[
						111428.571428571,
						0,
						285.714285714286
					],
					[
						111428.571428571,
						6,
						285.714285714286
					]
				],
				"altAnim": false,
				"gfSection": false,
				"bpm": 105,
				"changeBPM": false,
				"mustHitSection": true
			},
			{
				"lengthInSteps": 16,
				"typeOfSection": 0,
				"sectionNotes": [
					[
						112000,
						1,
						0
					],
					[
						112428.571428571,
						1,
						0
					],
					[
						112857.142857143,
						1,
						0
					],
					[
						112000,
						5,
						0
					],
					[
						112428.571428571,
						5,
						0
					],
					[
						112857.142857143,
						5,
						0
					],
					[
						113142.857142857,
						4,
						285.714285714286
					],
					[
						113714.285714286,
						7,
						285.714285714286
					],
					[
						113714.285714286,
						1,
						285.714285714286
					],
					[
						113142.857142857,
						3,
						285.714285714286
					]
				],
				"altAnim": false,
				"gfSection": false,
				"bpm": 105,
				"changeBPM": false,
				"mustHitSection": true
			},
			{
				"lengthInSteps": 16,
				"typeOfSection": 0,
				"sectionNotes": [
					[
						114285.714285714,
						3,
						0
					],
					[
						114714.285714286,
						1,
						0
					],
					[
						115142.857142857,
						2,
						0
					],
					[
						115428.571428571,
						3,
						0
					],
					[
						116000,
						3,
						0
					],
					[
						114285.714285714,
						6,
						0
					],
					[
						114714.285714286,
						6,
						0
					],
					[
						115142.857142857,
						6,
						0
					],
					[
						115428.571428571,
						5,
						0
					],
					[
						116000,
						7,
						0
					]
				],
				"altAnim": false,
				"gfSection": false,
				"bpm": 105,
				"changeBPM": false,
				"mustHitSection": true
			},
			{
				"lengthInSteps": 16,
				"typeOfSection": 0,
				"sectionNotes": [
					[
						116571.428571429,
						0,
						0
					],
					[
						117000,
						3,
						142.857142857143
					],
					[
						117714.285714286,
						2,
						0
					],
					[
						118000,
						3,
						0
					],
					[
						118285.714285714,
						2,
						0
					],
					[
						118571.428571429,
						3,
						0
					],
					[
						116571.428571429,
						7,
						0
					],
					[
						117000,
						6,
						142.857142857143
					],
					[
						117428.571428571,
						3,
						0
					],
					[
						117428.571428571,
						6,
						0
					],
					[
						117714.285714286,
						5,
						0
					],
					[
						118000,
						6,
						0
					],
					[
						118285.714285714,
						5,
						0
					],
					[
						118571.428571429,
						6,
						0
					]
				],
				"altAnim": false,
				"gfSection": false,
				"bpm": 105,
				"changeBPM": false,
				"mustHitSection": true
			},
			{
				"lengthInSteps": 16,
				"typeOfSection": 0,
				"sectionNotes": [
					[
						120000,
						2,
						142.857142857143
					],
					[
						120571.428571429,
						0,
						142.857142857143
					]
				],
				"altAnim": false,
				"gfSection": false,
				"bpm": 105,
				"changeBPM": false,
				"mustHitSection": false
			},
			{
				"lengthInSteps": 16,
				"typeOfSection": 0,
				"sectionNotes": [
					[
						121142.857142857,
						3,
						0
					],
					[
						121428.571428571,
						1,
						0
					],
					[
						121714.285714286,
						0,
						142.857142857143
					],
					[
						122285.714285714,
						3,
						142.857142857143
					],
					[
						122857.142857143,
						0,
						142.857142857143
					]
				],
				"altAnim": false,
				"gfSection": false,
				"bpm": 105,
				"changeBPM": false,
				"mustHitSection": false
			},
			{
				"lengthInSteps": 16,
				"typeOfSection": 0,
				"sectionNotes": [
					[
						123428.571428571,
						6,
						285.714285714286
					],
					[
						124000,
						4,
						285.714285714286
					],
					[
						124571.428571429,
						2,
						142.857142857143
					],
					[
						125142.857142857,
						3,
						142.857142857143
					]
				],
				"altAnim": false,
				"gfSection": false,
				"bpm": 105,
				"changeBPM": false,
				"mustHitSection": true
			},
			{
				"lengthInSteps": 16,
				"typeOfSection": 0,
				"sectionNotes": [
					[
						125714.285714286,
						0,
						0
					],
					[
						126000,
						2,
						0
					],
					[
						126285.714285714,
						3,
						142.857142857143
					],
					[
						126857.142857143,
						3,
						142.857142857143
					],
					[
						127428.571428571,
						0,
						142.857142857143
					]
				],
				"altAnim": false,
				"gfSection": false,
				"bpm": 105,
				"changeBPM": false,
				"mustHitSection": true
			},
			{
				"lengthInSteps": 16,
				"typeOfSection": 0,
				"sectionNotes": [
					[
						128000,
						1,
						428.571428571429
					],
					[
						128571.428571429,
						3,
						428.571428571429
					],
					[
						129142.857142857,
						7,
						142.857142857143
					],
					[
						129714.285714286,
						4,
						142.857142857143
					]
				],
				"altAnim": false,
				"gfSection": false,
				"bpm": 105,
				"changeBPM": false,
				"mustHitSection": true
			},
			{
				"lengthInSteps": 16,
				"typeOfSection": 0,
				"sectionNotes": [
					[
						130285.714285714,
						0,
						0
					],
					[
						130857.142857143,
						0,
						142.857142857143
					],
					[
						131428.571428572,
						3,
						0
					],
					[
						131714.285714286,
						0,
						0
					],
					[
						132000,
						3,
						0
					],
					[
						132285.714285714,
						0,
						0
					]
				],
				"altAnim": false,
				"gfSection": false,
				"bpm": 105,
				"changeBPM": false,
				"mustHitSection": false
			},
			{
				"lengthInSteps": 16,
				"typeOfSection": 0,
				"sectionNotes": [
					[
						132571.428571429,
						5,
						142.857142857143
					],
					[
						133142.857142857,
						5,
						142.857142857143
					],
					[
						133428.571428572,
						4,
						142.857142857143
					],
					[
						133714.285714286,
						3,
						142.857142857143
					],
					[
						134285.714285714,
						0,
						142.857142857143
					]
				],
				"altAnim": false,
				"gfSection": false,
				"bpm": 105,
				"changeBPM": false,
				"mustHitSection": true
			},
			{
				"lengthInSteps": 16,
				"typeOfSection": 0,
				"sectionNotes": [
					[
						136000,
						3,
						0
					],
					[
						136285.714285714,
						0,
						0
					],
					[
						136857.142857143,
						3,
						142.857142857143
					],
					[
						134857.142857143,
						3,
						0
					],
					[
						135428.571428572,
						3,
						142.857142857143
					],
					[
						136571.428571429,
						3,
						0
					]
				],
				"altAnim": false,
				"gfSection": false,
				"bpm": 105,
				"changeBPM": false,
				"mustHitSection": true
			},
			{
				"lengthInSteps": 16,
				"typeOfSection": 0,
				"sectionNotes": [
					[
						137142.857142857,
						0,
						142.857142857143
					],
					[
						137428.571428572,
						1,
						142.857142857143
					],
					[
						137714.285714286,
						2,
						142.857142857143
					],
					[
						138000,
						3,
						142.857142857143
					]
				],
				"altAnim": false,
				"gfSection": false,
				"bpm": 105,
				"changeBPM": false,
				"mustHitSection": true
			},
			{
				"lengthInSteps": 16,
				"typeOfSection": 0,
				"sectionNotes": [],
				"altAnim": false,
				"gfSection": false,
				"bpm": 105,
				"changeBPM": false,
				"mustHitSection": true
			},
			{
				"lengthInSteps": 16,
				"typeOfSection": 0,
				"sectionNotes": [],
				"altAnim": false,
				"gfSection": false,
				"bpm": 105,
				"changeBPM": false,
				"mustHitSection": true
			},
			{
				"lengthInSteps": 16,
				"typeOfSection": 0,
				"sectionNotes": [],
				"altAnim": false,
				"gfSection": false,
				"bpm": 105,
				"changeBPM": false,
				"mustHitSection": true
			},
			{
				"sectionNotes": [],
				"typeOfSection": 0,
				"lengthInSteps": 16,
				"gfSection": false,
				"altAnim": false,
				"mustHitSection": true,
				"changeBPM": false,
				"bpm": 105
			},
			{
				"gfSection": false,
				"lengthInSteps": 16,
				"altAnim": false,
				"typeOfSection": 0,
				"sectionNotes": [],
				"bpm": 105,
				"changeBPM": false,
				"mustHitSection": true
			}
		],
		"events": [],
		"player2": "robro",
		"player3": null,
		"splashSkin": "noteSplashes",
		"song": "Furmidable",
		"needsVoices": true,
		"arrowSkin": "",
		"validScore": true,
		"stage": "Pool",
		"bpm": 105,
		"speed": 1.7
	}
}